Size;Problem;Instance;Seed;Generations;Time;Fitness;Regenerators;Disconnected
100;1;02;002;362;79204;3600;13;0
100;1;01;002;377;84476;3500;13;0
100;1;10;002;304;68588;3800;15;0
100;1;03;002;114;29099;4000;14;0
100;1;02;002;362;94307;3600;13;0
100;1;01;002;377;99819;3500;13;0
100;1;10;002;304;86527;3800;15;0
100;1;02;004;198;30727;4000;14;0
100;1;03;004;499;75076;3700;15;0
100;1;10;004;251;37212;4100;15;0
100;1;01;004;142;24455;3600;14;0
100;1;02;006;352;49270;4200;15;0
100;1;03;006;453;64992;3800;15;0
100;1;01;006;304;45152;3600;15;0
100;1;10;006;409;61633;4000;15;0
100;1;02;008;480;73327;3800;14;0
100;1;03;008;485;76626;3200;13;0
100;1;01;008;319;50858;3600;14;0
100;1;10;008;200;31785;4000;15;0
100;1;02;010;395;55068;3800;14;0
100;1;03;010;179;25007;3600;15;0
100;1;10;010;208;30940;4200;15;0
100;1;01;010;463;69747;3600;15;0
100;1;02;012;258;37198;4200;14;0
100;1;03;012;387;56799;3800;15;0
100;1;10;012;2;311;4400;15;0
100;1;01;012;104;15131;3600;15;0
100;1;02;014;495;70622;4000;15;0
100;1;03;014;423;62113;3900;15;0
100;1;10;014;328;48119;4300;16;0
100;1;01;014;85;12581;3800;15;0
100;1;02;016;139;20356;3900;15;0
100;1;03;016;320;45539;4000;14;0
100;1;10;016;333;48117;3600;14;0
100;1;01;016;418;61463;3700;15;0
100;1;02;018;442;61526;3900;14;0
100;1;03;018;398;57349;3600;14;0
100;1;10;018;135;20518;4100;15;0
100;1;01;018;391;58473;3200;13;0
100;1;02;020;1;158;4100;15;0
100;1;03;020;210;29371;3700;15;0
100;1;10;020;156;22509;4500;16;0
100;1;01;020;356;54629;3700;15;0
100;1;06;002;487;71106;3900;15;0
100;1;07;002;362;49356;3900;14;0
100;1;05;002;388;62164;4200;16;0
100;1;04;002;437;70239;3300;13;0
100;1;06;004;1;165;4200;14;0
100;1;07;004;103;16206;4100;15;0
100;1;05;004;353;54888;4000;15;0
100;1;04;004;405;63540;3600;15;0
100;1;06;006;131;19657;3700;13;0
100;1;07;006;178;26460;3900;14;0
100;1;05;006;11;1628;3900;14;0
100;1;04;006;1;175;3500;15;0
100;1;06;008;169;25050;3800;15;0
100;1;07;008;383;58992;4300;15;0
100;1;05;008;1;176;4100;15;0
100;1;04;008;230;36933;3500;14;0
100;1;06;010;110;16472;3900;14;0
100;1;07;010;454;71254;4100;15;0
100;1;05;010;278;43608;4200;16;0
100;1;04;010;409;66193;3600;14;0
100;1;06;012;1;167;3800;15;0
100;1;07;012;303;46941;4400;15;0
100;1;05;012;250;39075;3900;15;0
100;1;04;012;114;17725;3800;14;0
100;1;06;014;293;44607;3900;14;0
100;1;07;014;421;67164;3900;13;0
100;1;05;014;189;30428;3900;15;0
100;1;04;014;388;62296;3400;13;0
100;1;06;016;258;38065;4100;15;0
100;1;07;016;370;56751;4200;15;0
100;1;05;016;189;29887;3800;15;0
100;1;06;018;292;43086;4000;14;0
100;1;04;016;427;66926;3700;14;0
100;1;07;018;1;199;4200;15;0
100;1;05;018;22;3420;4500;16;0
100;1;06;020;457;65701;3900;15;0
100;1;04;018;202;33298;3900;15;0
100;1;07;020;419;65587;4100;15;0
100;1;05;020;240;37869;4300;15;0
100;1;04;020;369;59488;3200;13;0
100;1;09;002;145;20204;3900;15;0
100;3;01;002;226;73329;1500;7;0
100;1;08;002;305;43935;4200;15;0
100;1;09;004;403;57084;4100;16;0
100;3;10;002;272;91861;1600;6;0
100;1;08;004;98;14153;4400;14;0
100;1;09;006;79;10938;4200;15;0
100;1;08;006;391;57553;4200;15;0
100;3;01;004;301;100020;1600;7;0
100;1;09;008;240;33731;3700;15;0
100;3;10;004;133;43756;1600;7;0
100;1;08;008;227;32874;4300;15;0
100;1;09;010;251;35119;3900;14;0
100;1;08;010;474;71367;4300;15;0
100;1;09;012;464;64397;3900;15;0
100;3;01;006;198;62907;1500;7;0
100;3;10;006;26;8775;1800;7;0
100;1;08;012;30;4315;4200;15;0
100;1;09;014;389;53890;4000;15;0
100;1;08;014;368;54846;4300;15;0
100;1;09;016;9;1241;3400;15;0
100;3;01;008;203;65826;1600;7;0
100;1;08;016;337;49974;4300;15;0
100;1;09;018;476;68128;4000;15;0
100;3;10;008;107;35836;1600;6;0
100;1;08;018;147;20833;4200;16;0
100;1;09;020;185;26021;3900;15;0
100;3;01;010;1;348;1700;6;0
100;1;08;020;485;71890;4200;16;0
100;3;10;010;33;11127;1600;6;0
100;3;03;002;1;353;1900;7;0
100;3;01;012;173;55557;1500;6;0
100;3;02;002;19;6802;1900;7;0
100;3;10;012;2;702;1600;7;0
100;3;03;004;357;117130;1600;7;0
100;3;01;014;291;95840;1700;7;0
100;3;02;004;1;358;1800;7;0
100;3;10;014;232;76425;1500;7;0
100;3;03;006;1;352;1800;7;0
100;3;01;016;300;93992;1700;6;0
100;3;02;006;1;388;1700;6;0
100;3;10;016;189;63709;1600;7;0
100;3;03;008;377;123430;1500;7;0
100;3;01;018;254;84245;1800;7;0
100;3;10;018;105;35694;1700;7;0
100;3;02;008;131;44840;1800;7;0
100;3;03;010;77;26294;1800;7;0
100;3;01;020;108;35748;1600;7;0
100;3;10;020;180;59308;1600;7;0
100;3;02;010;123;42199;1700;7;0
100;3;03;012;404;135109;1600;7;0
100;3;04;002;1;356;1800;7;0
100;3;05;002;349;114550;1300;6;0
100;3;02;012;195;67878;1700;7;0
100;3;03;014;102;34534;1900;7;0
100;3;04;004;322;104768;1800;7;0
100;3;05;004;461;148410;1500;6;0
100;3;02;014;47;16638;1700;7;0
100;3;03;016;88;30078;1900;7;0
100;3;04;006;60;20016;1800;7;0
100;3;05;006;449;146916;1300;6;0
100;3;02;016;191;65538;1800;7;0
100;3;03;018;97;32444;1500;7;0
100;3;04;008;1;381;1800;7;0
100;3;05;008;1;346;1700;7;0
100;3;02;018;442;152265;1800;7;0
100;3;03;020;104;35309;1600;7;0
100;3;04;010;481;160489;1700;6;0
100;3;05;010;389;132495;1500;6;0
100;3;02;020;362;123896;1700;7;0
100;3;07;002;32;10915;1500;6;0
100;3;04;012;65;21938;1700;6;0
100;3;05;012;375;122521;1300;6;0
100;3;06;002;71;25046;1800;7;0
100;3;07;004;293;96594;1400;6;0
100;3;04;014;1;354;1700;6;0
100;3;05;014;91;29559;1400;6;0
100;3;06;004;257;88279;1700;7;0
100;3;04;016;116;39489;1600;7;0
100;3;07;006;85;28811;1600;7;0
100;3;05;016;165;54364;1400;6;0
100;3;06;006;407;139031;1600;7;0
100;3;04;018;79;26177;1700;7;0
100;3;07;008;191;64822;1600;6;0
100;3;05;018;493;159584;1400;6;0
100;3;06;008;1;367;1800;8;0
100;3;04;020;193;63710;1800;7;0
100;3;07;010;168;57397;1600;7;0
100;3;05;020;225;74341;1300;6;0
100;3;06;010;151;51091;1700;8;0
100;3;08;002;176;58604;1600;6;0
100;3;07;012;1;347;1500;6;0
100;3;09;002;25;8384;1800;6;0
100;3;06;012;57;19260;1600;7;0
100;3;08;004;280;94116;1700;7;0
100;3;07;014;151;51146;1600;6;0
100;3;09;004;451;150530;1800;7;0
100;3;06;014;84;29308;1700;7;0
100;3;08;006;249;83227;1600;6;0
100;3;07;016;314;105968;1400;6;0
100;3;09;006;135;45909;1800;7;0
100;3;06;016;317;105462;1600;7;0
100;3;08;008;249;84086;1800;7;0
100;3;07;018;224;77084;1500;6;0
100;3;09;008;67;22485;1800;7;0
100;3;06;018;1;365;1600;7;0
100;3;08;010;144;48200;1800;7;0
100;3;07;020;443;147124;1400;6;0
100;3;09;010;272;92162;1800;7;0
100;3;06;020;135;45508;1600;7;0
100;3;08;012;1;382;1800;6;0
100;3;09;012;175;59082;1700;6;0
100;5;10;002;282;115589;1100;4;0
100;3;08;014;157;52875;1800;7;0
100;5;01;002;1;462;1000;4;0
100;3;09;014;173;58492;1800;7;0
100;5;10;004;101;40785;1000;5;0
100;3;08;016;221;74155;1800;7;0
100;3;09;016;1;352;1800;7;0
100;5;01;004;1;481;1000;4;0
100;5;10;006;120;49374;1000;4;0
100;3;08;018;1;365;1800;8;0
100;3;09;018;488;165262;1700;6;0
100;5;01;006;1;469;1000;4;0
100;3;08;020;135;45874;1600;7;0
100;5;10;008;1;448;1200;5;0
100;3;09;020;1;361;1800;8;0
100;5;01;008;1;454;1000;4;0
100;5;02;002;29;12020;1100;5;0
100;5;10;010;10;4117;1100;5;0
100;5;03;002;1;453;1300;5;0
100;5;01;010;1;480;1000;4;0
100;5;02;004;164;66604;1000;4;0
100;5;10;012;414;172217;1200;5;0
100;5;03;004;50;20692;1200;5;0
100;5;02;006;11;4737;1100;5;0
100;5;01;012;1;465;1000;4;0
100;5;10;014;362;138249;1100;5;0
100;5;03;006;120;48659;1200;5;0
100;5;02;008;1;452;1100;5;0
100;5;01;014;1;485;1000;4;0
100;5;10;016;15;6160;1100;4;0
100;5;03;008;1;452;1300;4;0
100;5;02;010;47;19570;1100;5;0
100;5;10;018;100;40868;900;4;0
100;5;01;016;1;454;1000;4;0
100;5;03;010;1;471;1300;5;0
100;5;10;020;21;8818;1000;4;0
100;5;02;012;1;464;1200;4;0
100;5;01;018;1;476;1000;4;0
100;5;03;012;102;43673;1000;4;0
100;5;02;014;3;1281;1100;4;0
100;5;05;002;1;461;1000;4;0
100;5;01;020;1;461;1000;4;0
100;5;03;014;114;47079;1000;4;0
100;5;02;016;166;69326;1000;4;0
100;5;05;004;25;10576;1000;4;0
100;5;04;002;23;9807;1100;4;0
100;5;03;016;194;80584;1200;4;0
100;5;02;018;1;452;1200;4;0
100;5;05;006;5;2194;900;4;0
100;5;04;004;59;24988;1100;4;0
100;5;03;018;1;475;1300;4;0
100;5;02;020;1;449;1200;5;0
100;5;05;008;1;476;1000;4;0
100;5;04;006;1;460;1200;4;0
100;5;03;020;14;5846;1100;4;0
100;5;06;002;81;32840;800;4;0
100;5;05;010;17;6931;1000;4;0
100;5;04;008;53;22345;1100;4;0
100;5;07;002;307;126080;1100;4;0
100;5;06;004;75;30098;800;4;0
100;5;05;012;196;78556;800;4;0
100;5;04;010;1;457;1200;4;0
100;5;07;004;137;55047;900;4;0
100;5;06;006;180;74680;1200;5;0
100;5;05;014;1;456;1100;4;0
100;5;04;012;147;60906;1000;4;0
100;5;07;006;272;110970;1000;4;0
100;5;06;008;117;46992;800;4;0
100;5;05;016;87;36568;1000;4;0
100;5;04;014;63;26802;1000;4;0
100;5;07;008;1;446;1100;4;0
100;5;06;010;1;458;1100;5;0
100;5;05;018;331;129225;800;4;0
100;5;04;016;82;34988;1100;4;0
100;5;07;010;21;8505;1100;5;0
100;5;06;012;97;38805;800;4;0
100;5;05;020;58;24058;800;4;0
100;5;07;012;170;68149;1000;4;0
100;5;04;018;30;12352;1000;4;0
100;5;06;014;312;123995;800;4;0
100;5;09;002;1;476;1100;4;0
100;5;07;014;28;11400;1000;4;0
100;5;04;020;175;71551;1000;4;0
100;5;06;016;238;97936;800;4;0
100;5;09;004;1;459;1100;4;0
100;5;07;016;468;192304;1100;5;0
100;5;08;002;96;39834;800;4;0
100;5;06;018;1;471;800;4;0
100;5;09;006;68;27848;800;4;0
100;5;07;018;9;3772;1200;4;0
100;5;08;004;1;460;1100;4;0
100;5;06;020;1;459;800;4;0
100;5;09;008;330;134969;1000;4;0
100;5;07;020;1;445;1100;4;0
100;5;08;006;150;60618;1100;5;0
100;7;01;002;1;423;700;3;0
100;5;09;010;1;464;1100;4;0
100;7;10;002;1;424;600;3;0
100;7;01;004;1;416;800;3;0
100;5;08;008;1;473;1100;5;0
100;7;10;004;1;406;600;3;0
100;5;09;012;39;16654;1000;4;0
100;7;01;006;1;418;800;3;0
100;5;08;010;92;38274;1200;5;0
100;7;10;006;1;411;600;3;0
100;7;01;008;1;409;800;3;0
100;5;09;014;38;15491;900;4;0
100;5;08;012;166;68419;1200;5;0
100;7;10;008;1;403;600;3;0
100;7;01;010;419;135247;700;3;0
100;5;09;016;1;448;1100;4;0
100;7;10;010;1;399;600;3;0
100;5;08;014;1;455;1200;5;0
100;7;01;012;1;407;800;3;0
100;5;09;018;466;190240;900;4;0
100;7;10;012;1;415;600;3;0
100;7;01;014;1;406;800;3;0
100;5;08;016;95;39254;1100;4;0
100;5;09;020;1;455;800;4;0
100;7;10;014;1;421;600;3;0
100;7;01;016;1;397;800;3;0
100;5;08;018;194;79579;1200;5;0
100;7;03;002;1;429;700;3;0
100;7;10;016;1;409;600;3;0
100;7;01;018;387;126797;700;3;0
100;5;08;020;1;467;1100;4;0
100;7;03;004;1;427;700;3;0
100;7;10;018;1;415;600;3;0
100;7;01;020;1;399;800;3;0
100;7;02;002;9;3043;700;3;0
100;7;03;006;1;405;700;3;0
100;7;10;020;1;417;600;3;0
100;7;04;002;1;417;800;3;0
100;7;02;004;50;16352;600;3;0
100;7;03;008;1;403;700;3;0
100;7;05;002;14;4707;700;3;0
100;7;04;004;1;406;800;3;0
100;7;02;006;1;409;600;3;0
100;7;03;010;1;424;700;3;0
100;7;05;004;1;404;700;3;0
100;7;04;006;1;422;800;3;0
100;7;02;008;128;42640;600;3;0
100;7;03;012;1;429;700;3;0
100;7;05;006;151;49896;600;3;0
100;7;04;008;1;402;800;3;0
100;7;02;010;28;9564;600;3;0
100;7;03;014;1;404;700;3;0
100;7;05;008;1;434;700;3;0
100;7;04;010;232;76536;700;3;0
100;7;02;012;1;418;600;3;0
100;7;03;016;1;424;700;3;0
100;7;05;010;1;420;700;3;0
100;7;04;012;1;401;800;3;0
100;7;02;014;23;7602;600;3;0
100;7;03;018;1;422;700;3;0
100;7;05;012;1;406;700;3;0
100;7;04;014;1;403;800;3;0
100;7;02;016;1;403;900;3;0
100;7;03;020;13;4414;600;3;0
100;7;05;014;1;426;700;3;0
100;7;04;016;1;401;800;3;0
100;7;02;018;1;400;700;3;0
100;7;07;002;1;425;600;3;0
100;7;05;016;1;407;700;3;0
100;7;04;018;1;400;800;3;0
100;7;02;020;51;17276;600;3;0
100;7;07;004;1;398;600;3;0
100;7;05;018;1;419;700;3;0
100;7;04;020;32;10842;600;3;0
100;7;06;002;1;412;700;3;0
100;7;07;006;1;395;600;3;0
100;7;08;002;1;407;700;3;0
100;7;05;020;1;403;700;3;0
100;7;06;004;1;404;700;3;0
100;7;07;008;1;413;600;3;0
100;7;09;002;144;46959;700;3;0
100;7;08;004;1;401;600;3;0
100;7;06;006;1;418;700;3;0
100;7;07;010;1;399;600;3;0
100;7;09;004;178;59172;700;3;0
100;7;08;006;1;404;600;3;0
100;7;07;012;1;407;600;3;0
100;7;06;008;1;409;700;3;0
100;7;09;006;1;415;800;3;0
100;7;08;008;1;424;600;3;0
100;7;07;014;1;402;600;3;0
100;7;06;010;1;406;700;3;0
100;7;09;008;1;426;700;3;0
100;7;08;010;1;408;600;3;0
100;7;07;016;7;2385;600;3;0
100;7;06;012;1;404;700;3;0
100;7;08;012;2;757;600;3;0
100;7;09;010;208;69357;700;3;0
100;7;07;018;1;400;600;3;0
100;7;06;014;1;410;700;3;0
100;7;09;012;190;62487;600;3;0
100;7;08;014;58;19474;600;3;0
100;7;07;020;1;419;700;3;0
100;7;06;016;1;405;700;3;0
100;7;09;014;1;406;800;3;0
100;7;08;016;387;131519;600;3;0
100;9;10;002;1;309;500;2;0
100;7;06;018;1;408;700;3;0
100;9;10;004;1;286;400;2;0
100;7;09;016;1;404;700;3;0
100;7;08;018;1;403;700;3;0
100;9;10;006;1;290;400;2;0
100;7;06;020;5;1727;600;3;0
100;7;09;018;33;11015;700;3;0
100;7;08;020;31;10117;600;3;0
100;9;10;008;1;279;400;2;0
100;9;01;002;1;310;400;2;0
100;9;02;002;1;283;400;2;0
100;9;10;010;1;284;400;2;0
100;7;09;020;1;403;700;3;0
100;9;01;004;1;284;400;2;0
100;9;02;004;1;281;400;2;0
100;9;10;012;1;279;400;2;0
100;9;03;002;1;282;400;2;0
100;9;01;006;1;282;400;2;0
100;9;02;006;1;279;400;2;0
100;9;10;014;1;301;400;2;0
100;9;03;004;1;283;400;2;0
100;9;01;008;1;282;400;2;0
100;9;02;008;1;280;400;2;0
100;9;10;016;1;289;400;2;0
100;9;03;006;1;281;400;2;0
100;9;01;010;1;284;400;2;0
100;9;02;010;1;282;400;2;0
100;9;10;018;1;284;400;2;0
100;9;03;008;1;310;400;2;0
100;9;01;012;1;282;400;2;0
100;9;02;012;1;279;400;2;0
100;9;10;020;1;297;400;2;0
100;9;03;010;1;281;400;2;0
100;9;01;014;1;282;400;2;0
100;9;02;014;1;293;400;2;0
100;9;05;002;1;284;500;2;0
100;9;03;012;1;282;400;2;0
100;9;01;016;1;290;400;2;0
100;9;02;016;1;288;400;2;0
100;9;05;004;1;290;600;2;0
100;9;03;014;1;279;400;2;0
100;9;01;018;1;287;400;2;0
100;9;02;018;1;290;400;2;0
100;9;05;006;1;287;500;2;0
100;9;03;016;1;285;400;2;0
100;9;01;020;1;297;400;2;0
100;9;02;020;1;287;400;2;0
100;9;05;008;10;2122;500;2;0
100;9;03;018;1;287;400;2;0
100;9;06;002;6;1321;400;2;0
100;9;04;002;1;285;400;2;0
100;9;05;010;15;3133;400;2;0
100;9;03;020;1;292;400;2;0
100;9;06;004;1;289;400;2;0
100;9;04;004;1;302;400;2;0
100;9;05;012;336;69128;400;2;0
100;9;07;002;1;284;400;2;0
100;9;06;006;1;295;400;2;0
100;9;04;006;1;304;400;2;0
100;9;05;014;1;283;500;2;0
100;9;07;004;1;296;400;2;0
100;9;06;008;21;4331;400;2;0
100;9;04;008;1;309;400;2;0
100;9;05;016;137;27464;400;2;0
100;9;07;006;1;284;400;2;0
100;9;06;010;1;292;500;2;0
100;9;04;010;1;283;400;2;0
100;9;05;018;1;286;500;2;0
100;9;07;008;1;284;400;2;0
100;9;06;012;1;283;400;2;0
100;9;04;012;1;295;400;2;0
100;9;05;020;1;283;500;2;0
100;9;07;010;1;284;400;2;0
100;9;06;014;1;284;500;2;0
100;9;04;014;3;689;400;2;0
100;9;09;002;1;292;500;2;0
100;9;07;012;1;283;400;2;0
100;9;06;016;1;299;400;2;0
100;9;04;016;1;285;400;2;0
100;9;09;004;1;283;500;2;0
100;9;07;014;1;301;400;2;0
100;9;06;018;1;281;400;2;0
100;9;04;018;1;295;400;2;0
100;9;09;006;1;292;500;2;0
100;9;07;016;1;310;400;2;0
100;9;06;020;1;288;500;2;0
040;1;01;002;71;1078;3400;13;0
040;1;01;004;127;1891;3400;13;0
040;1;01;006;168;2478;3400;13;0
040;1;01;008;12;181;3400;14;0
040;1;01;010;61;951;3400;14;0
040;1;01;012;27;423;3400;14;0
100;9;04;020;1;283;400;2;0
040;1;01;014;1;19;3400;14;0
040;1;01;016;50;744;3400;13;0
040;1;01;018;102;1511;3400;13;0
100;9;09;008;1;283;500;2;0
040;1;01;020;1;20;3400;14;0
040;1;04;002;114;1622;2600;10;0
040;1;04;004;45;640;2600;10;0
040;1;04;006;52;785;2600;10;0
100;9;07;018;1;293;400;2;0
040;1;04;008;118;1677;2600;10;0
040;1;04;010;219;3130;2600;10;0
040;1;04;012;34;488;2600;10;0
040;1;04;014;442;6299;2600;11;0
040;1;04;016;62;896;2600;10;0
040;1;04;018;2;33;2700;11;0
040;1;04;020;244;3435;2600;10;0
100;9;08;002;1;287;400;2;0
040;1;08;002;1;20;3000;10;0
040;1;08;004;1;19;3000;10;0
040;1;08;006;198;2820;2900;11;0
100;9;09;010;1;282;500;2;0
040;1;08;008;2;34;2900;11;0
040;1;08;010;174;2453;2900;11;0
040;1;08;012;2;33;3000;11;0
040;1;08;014;11;161;3000;10;0
040;1;08;016;2;33;3000;10;0
100;9;07;020;1;295;400;2;0
040;1;08;018;210;3004;2900;11;0
040;1;10;002;7;107;2600;10;0
040;1;08;020;17;245;3000;10;0
040;1;10;004;2;34;2600;10;0
040;3;02;002;29;496;1200;5;0
040;1;10;006;9;141;2600;10;0
040;3;02;004;15;251;1200;5;0
040;1;10;008;123;1800;2600;10;0
040;3;02;006;1;21;1200;5;0
040;1;10;010;76;1151;2600;10;0
040;1;10;012;37;559;2800;10;0
040;3;02;008;52;868;1200;5;0
100;9;08;004;1;286;400;2;0
040;1;10;014;144;2134;2600;10;0
040;3;02;010;57;964;1300;5;0
040;1;10;016;2;34;2600;10;0
040;3;02;012;36;604;1200;5;0
040;1;10;018;101;1500;2600;10;0
040;3;02;014;1;20;1300;5;0
100;9;09;012;1;283;500;2;0
040;1;10;020;12;182;2600;10;0
040;3;02;016;1;20;1200;5;0
040;1;05;002;77;1156;3200;12;0
040;3;02;018;20;341;1200;5;0
040;1;05;004;1;19;3300;12;0
040;3;02;020;1;20;1200;5;0
040;1;05;006;1;19;3300;12;0
040;3;06;002;4;72;1100;5;0
040;1;05;008;2;35;3300;12;0
040;3;06;004;1;20;1100;5;0
040;1;05;010;11;167;3300;12;0
040;1;05;012;1;22;3300;12;0
040;3;06;006;1;20;1100;5;0
040;1;05;014;2;34;3300;12;0
040;3;06;008;7;122;1100;5;0
040;1;05;016;143;2158;3200;12;0
040;3;06;010;1;20;1100;5;0
040;1;05;018;1;19;3300;12;0
040;3;06;012;34;565;1100;5;0
040;1;05;020;197;2927;3200;12;0
040;3;06;014;1;20;1100;5;0
100;9;08;006;1;282;400;2;0
040;1;09;002;71;1066;2900;11;0
040;3;06;016;1;20;1100;5;0
040;1;09;004;9;159;2800;11;0
040;3;06;018;28;475;1100;5;0
040;1;09;006;198;2896;2800;11;0
100;9;09;014;1;291;500;2;0
040;3;06;020;1;20;1100;5;0
040;1;09;008;348;5225;2800;11;0
040;1;09;010;208;3104;2800;11;0
040;5;01;002;1;26;900;3;0
040;1;09;012;68;1014;2900;11;0
040;5;01;004;64;1400;800;3;0
040;1;09;014;180;2693;2800;11;0
040;5;01;006;23;445;800;3;0
040;1;09;016;282;4094;2800;11;0
040;5;01;008;1;24;900;3;0
040;1;09;018;166;2478;2800;11;0
040;5;01;010;169;3132;700;3;0
040;1;09;020;365;5290;2800;11;0
040;5;01;012;23;447;900;4;0
040;3;03;002;67;1171;1000;5;0
040;5;01;014;94;1717;700;3;0
040;3;03;004;15;261;1000;5;0
040;5;01;016;9;181;900;3;0
040;3;03;006;59;1073;1000;5;0
040;5;01;018;25;496;700;3;0
040;3;03;008;1;21;1100;4;0
100;9;08;008;1;283;400;2;0
040;5;01;020;25;494;800;4;0
040;3;03;010;32;565;1000;5;0
040;5;04;002;1;27;800;4;0
040;3;03;012;13;225;1000;5;0
100;9;09;016;1;299;500;2;0
040;3;03;014;151;2682;1000;5;0
040;5;04;004;79;1560;700;3;0
040;3;03;016;51;880;1000;5;0
040;5;04;006;1;43;800;3;0
040;3;03;018;28;477;1000;5;0
040;5;04;008;1;26;800;4;0
040;3;03;020;11;223;1100;4;0
040;5;04;010;1;31;800;4;0
040;3;07;002;8;139;1200;5;0
040;5;04;012;18;368;800;4;0
040;3;07;004;1;38;1200;4;0
040;5;04;014;16;351;700;3;0
040;3;07;006;30;503;1200;4;0
040;3;07;008;10;170;1200;4;0
040;5;04;016;5;105;700;3;0
040;3;07;010;1;20;1200;5;0
040;5;04;018;1;26;800;4;0
040;3;07;012;5;90;1200;4;0
100;9;08;010;1;288;400;2;0
040;5;04;020;1;25;800;4;0
100;9;09;018;3;697;400;2;0
040;3;07;014;11;189;1200;5;0
040;5;08;002;28;576;800;4;0
040;3;07;016;1;21;1200;4;0
040;5;08;004;81;1735;800;4;0
040;3;07;018;10;184;1200;4;0
040;5;08;006;17;344;700;3;0
040;3;07;020;32;536;1200;5;0
040;5;08;008;14;278;900;4;0
040;5;10;002;90;1900;900;4;0
040;5;08;010;72;1424;800;4;0
040;5;10;004;73;1516;800;3;0
040;5;08;012;5;109;900;4;0
040;5;10;006;1;25;1000;4;0
040;5;08;014;8;167;800;4;0
040;5;10;008;99;2067;900;4;0
040;5;08;016;33;659;800;3;0
040;5;10;010;11;228;900;4;0
040;5;08;018;75;1556;800;4;0
040;5;10;012;271;5595;900;4;0
040;5;08;020;202;4065;800;4;0
040;7;02;002;8;177;500;2;0
040;5;10;014;1;26;1000;4;0
100;9;08;012;1;283;400;2;0
100;9;09;020;1;282;500;2;0
040;7;02;004;5;114;500;2;0
040;5;10;016;28;568;700;3;0
040;1;03;002;1;19;2300;9;0
040;5;10;018;23;483;900;4;0
040;7;02;006;1;28;600;3;0
040;1;03;004;127;1870;2300;9;0
040;5;10;020;115;2335;900;4;0
040;7;02;008;1;27;600;3;0
040;1;03;006;53;786;2300;9;0
040;1;03;008;48;700;2400;10;0
040;5;05;002;1;27;700;3;0
040;7;02;010;1;28;600;3;0
040;1;03;010;63;945;2300;9;0
040;5;05;004;73;1456;600;3;0
040;7;02;012;1;28;600;3;0
040;1;03;012;82;1256;2300;9;0
040;5;05;006;144;2818;700;3;0
040;7;02;014;9;195;500;2;0
040;1;03;014;126;1856;2300;9;0
040;7;02;016;3;72;500;2;0
040;5;05;008;1;26;700;3;0
040;1;03;016;451;6774;2300;9;0
040;7;02;018;14;304;500;2;0
040;5;05;010;1;26;700;3;0
040;1;03;018;22;320;2400;10;0
040;7;02;020;34;719;400;2;0
040;1;03;020;225;3296;2300;9;0
040;5;05;012;24;507;600;3;0
040;7;06;002;50;1108;600;3;0
040;1;07;002;30;432;3200;12;0
040;5;05;014;13;279;700;3;0
040;1;07;004;88;1327;3200;12;0
040;7;06;004;61;1273;600;3;0
040;5;05;016;1;25;700;3;0
040;1;07;006;76;1089;3200;12;0
100;9;08;014;1;291;400;2;0
040;7;06;006;85;1828;600;3;0
040;1;07;008;431;6215;3200;12;0
040;5;05;018;1;26;700;3;0
040;1;07;010;69;998;3200;12;0
040;7;06;008;1;28;600;3;0
040;5;05;020;1;27;700;3;0
040;1;07;012;104;1499;3200;12;0
040;7;06;010;1;28;600;3;0
040;5;09;002;28;580;800;3;0
040;1;07;014;2;34;3200;12;0
040;1;07;016;2;34;3200;12;0
040;7;06;012;13;286;600;3;0
040;5;09;004;101;1955;700;3;0
040;1;07;018;1;19;3200;12;0
040;5;09;006;30;592;600;3;0
040;7;06;014;6;133;600;3;0
040;1;07;020;2;34;3400;12;0
040;5;09;008;85;1615;700;3;0
040;7;06;016;1;28;700;3;0
040;3;10;002;199;3262;1100;5;0
040;5;09;010;25;504;800;4;0
040;3;10;004;1;20;1100;5;0
040;7;06;018;33;705;600;3;0
040;5;09;012;42;868;800;4;0
040;3;10;006;1;19;1100;5;0
040;7;06;020;1;28;600;3;0
040;3;10;008;78;1268;1200;6;0
040;5;09;014;108;2180;800;4;0
040;9;01;002;1;29;400;2;0
040;3;10;010;32;510;1200;5;0
040;5;09;016;23;480;800;4;0
040;9;01;004;1;28;400;2;0
040;3;10;012;1;19;1100;5;0
040;5;09;018;14;286;700;3;0
100;9;08;016;1;284;400;2;0
040;3;10;014;1;19;1100;5;0
040;9;01;006;1;28;400;2;0
040;5;09;020;1;25;800;3;0
040;3;10;016;273;4408;1100;5;0
040;9;01;008;1;28;400;2;0
040;7;03;002;1;30;500;2;0
040;3;10;018;84;1424;1100;5;0
040;9;01;010;1;28;400;2;0
040;3;10;020;184;3074;1100;5;0
040;7;03;004;1;29;500;2;0
040;9;01;012;1;28;400;2;0
040;3;05;002;34;596;1300;4;0
040;7;03;006;1;30;500;2;0
040;3;05;004;5;91;1300;5;0
040;9;01;014;1;28;400;2;0
040;7;03;008;1;29;500;2;0
040;3;05;006;32;554;1300;4;0
040;9;01;016;1;50;400;2;0
040;3;05;008;27;483;1300;4;0
040;7;03;010;1;29;500;2;0
040;9;01;018;1;28;400;2;0
040;3;05;010;1;21;1200;5;0
040;7;03;012;1;29;500;2;0
040;9;01;020;1;28;400;2;0
040;3;05;012;1;21;1300;4;0
040;9;04;002;1;29;400;2;0
040;7;03;014;1;29;500;2;0
040;3;05;014;29;494;1500;5;0
040;3;05;016;94;1619;1200;5;0
040;9;04;004;1;27;400;2;0
040;7;03;016;1;30;500;2;0
040;3;05;018;136;2382;1300;5;0
040;9;04;006;1;27;400;2;0
100;9;08;018;1;284;400;2;0
040;7;03;018;1;29;500;2;0
040;3;05;020;1;21;1200;5;0
040;9;04;008;1;27;400;2;0
040;3;09;002;193;2916;1000;4;0
040;7;03;020;1;28;500;2;0
040;9;04;010;1;28;400;2;0
040;3;09;004;40;631;1000;4;0
040;7;07;002;18;392;600;3;0
040;3;09;006;83;1265;1000;4;0
040;9;04;012;1;36;400;2;0
040;7;07;004;89;1950;600;3;0
040;3;09;008;1;18;1000;4;0
040;9;04;014;1;28;400;2;0
040;3;09;010;57;893;1000;4;0
040;7;07;006;1;28;600;3;0
040;9;04;016;1;27;400;2;0
040;3;09;012;13;204;1000;4;0
040;7;07;008;31;662;600;3;0
040;3;09;014;1;18;1000;4;0
040;9;04;018;1;27;400;2;0
040;3;09;016;70;1091;1000;4;0
040;7;07;010;1;29;600;3;0
040;9;04;020;1;28;400;2;0
040;3;09;018;1;17;1000;4;0
040;7;07;012;2;51;600;3;0
040;9;08;002;1;29;400;2;0
040;3;09;020;77;1143;1000;4;0
040;7;07;014;11;249;600;3;0
040;5;03;002;70;1476;800;4;0
040;9;08;004;1;28;400;2;0
040;7;07;016;79;1688;600;3;0
040;5;03;004;49;1007;800;3;0
040;9;08;006;1;28;400;2;0
040;7;07;018;4;99;600;3;0
100;9;08;020;1;283;400;2;0
040;5;03;006;11;226;800;4;0
040;9;08;008;1;28;400;2;0
040;1;02;002;181;2749;3600;11;0
040;7;07;020;69;1504;600;3;0
040;5;03;008;16;334;1000;3;0
040;9;08;010;1;29;400;2;0
040;1;02;004;32;483;3600;11;0
040;9;10;002;8;170;400;2;0
040;5;03;010;338;7008;900;4;0
040;1;02;006;84;1299;3500;11;0
040;9;08;012;1;28;400;2;0
040;9;10;004;1;27;400;2;0
040;1;02;008;153;2320;3500;12;0
040;5;03;012;81;1603;800;4;0
040;9;08;014;1;28;400;2;0
040;1;02;010;15;230;3600;11;0
040;9;10;006;1;27;400;2;0
040;5;03;014;8;171;1000;3;0
040;9;08;016;1;50;400;2;0
040;1;02;012;25;401;3500;11;0
040;5;03;016;37;751;800;3;0
040;9;10;008;1;28;400;2;0
040;1;02;014;2;35;3600;11;0
040;9;08;018;1;28;400;2;0
040;5;03;018;23;463;800;3;0
040;9;10;010;1;28;400;2;0
040;1;02;016;187;2832;3500;11;0
040;9;08;020;1;28;400;2;0
040;5;03;020;123;2451;900;4;0
040;9;10;012;1;27;400;2;0
040;1;02;018;72;1092;3500;11;0
040;1;02;020;296;4517;3500;11;0
040;5;07;002;120;2508;800;3;0
040;9;10;014;1;27;400;2;0
060;1;02;002;181;6362;3000;11;0
040;1;06;002;442;7078;3400;12;0
040;5;07;004;16;337;700;3;0
040;9;10;016;1;27;400;2;0
040;1;06;004;441;7142;3400;11;0
040;5;07;006;138;2787;600;3;0
040;9;10;018;1;27;400;2;0
060;1;02;004;289;9851;2900;11;0
040;1;06;006;176;2716;3400;12;0
040;5;07;008;116;2549;800;3;0
040;9;10;020;1;27;400;2;0
040;1;06;008;40;624;3400;12;0
040;5;07;010;27;576;700;3;0
040;1;06;010;275;4255;3300;11;0
040;9;05;002;16;322;500;2;0
060;1;02;006;173;5997;2800;11;0
040;5;07;012;95;1869;600;3;0
040;1;06;012;117;1891;3300;12;0
040;9;05;004;3;67;400;2;0
040;5;07;014;89;1760;600;3;0
040;1;06;014;359;5932;3400;12;0
040;9;05;006;1;27;500;2;0
060;1;02;008;292;9981;2800;11;0
040;5;07;016;48;980;600;3;0
040;1;06;016;480;7675;3300;12;0
040;9;05;008;1;27;400;2;0
040;1;06;018;58;905;3400;12;0
040;5;07;018;15;315;800;3;0
040;9;05;010;13;259;400;2;0
060;1;02;010;407;14313;2900;11;0
040;1;06;020;220;3417;3300;11;0
040;5;07;020;35;728;800;3;0
040;9;05;012;1;27;400;2;0
040;3;01;002;35;606;1000;5;0
040;7;10;002;69;1503;500;2;0
040;9;05;014;17;344;400;2;0
060;1;02;012;483;18321;2900;11;0
040;3;01;004;1;20;1000;5;0
040;7;10;004;10;232;500;2;0
040;9;05;016;1;27;500;2;0
040;3;01;006;1;20;1000;5;0
040;7;10;006;6;137;500;2;0
040;9;05;018;67;1299;400;2;0
060;1;02;014;336;11667;3000;11;0
040;3;01;008;1;20;1000;5;0
040;7;10;008;1;29;500;2;0
040;9;05;020;1;31;400;2;0
040;3;01;010;1;19;1000;5;0
060;1;02;016;410;14146;2900;11;0
040;7;10;010;8;194;500;2;0
040;9;09;002;1;29;400;2;0
040;3;01;012;1;19;1000;5;0
040;7;10;012;29;666;500;2;0
040;9;09;004;1;31;400;2;0
040;3;01;014;35;613;1000;5;0
060;1;02;018;394;13396;2900;11;0
040;7;10;014;1;30;600;3;0
040;9;09;006;1;28;400;2;0
040;3;01;016;1;20;1000;5;0
040;7;10;016;15;338;500;2;0
040;9;09;008;1;27;400;2;0
040;3;01;018;32;530;1000;5;0
060;1;02;020;185;6244;3000;11;0
040;7;10;018;18;388;500;2;0
040;3;01;020;1;20;1000;5;0
040;9;09;010;1;28;400;2;0
040;3;04;002;72;1241;800;4;0
040;7;10;020;3;72;600;2;0
040;9;09;012;1;28;400;2;0
060;1;06;002;295;10334;2900;12;0
040;3;04;004;5;86;800;4;0
040;7;05;002;1;28;400;2;0
040;9;09;014;1;28;400;2;0
040;3;04;006;18;303;800;4;0
060;1;06;004;415;14152;2600;12;0
040;7;05;004;1;28;400;2;0
040;3;04;008;27;451;800;4;0
040;9;09;016;1;29;400;2;0
040;3;04;010;37;633;800;4;0
040;7;05;006;1;28;400;2;0
040;9;09;018;1;28;400;2;0
060;1;06;006;250;8533;2700;12;0
040;3;04;012;48;822;800;4;0
040;9;09;020;1;28;400;2;0
040;7;05;008;1;28;400;2;0
040;3;04;014;177;2951;800;4;0
040;7;05;010;1;28;400;2;0
040;3;04;016;56;932;800;4;0
060;1;06;008;230;7760;2600;11;0
040;3;04;018;293;4847;1000;5;0
060;1;03;002;447;17520;2700;10;0
040;7;05;012;1;28;400;2;0
040;3;04;020;47;788;800;4;0
060;1;06;010;327;10934;2700;12;0
040;7;05;014;1;27;400;2;0
040;3;08;002;19;326;1000;5;0
060;1;03;004;275;9761;2800;11;0
040;7;05;016;1;27;400;2;0
040;3;08;004;46;797;1000;5;0
060;1;06;012;2;82;2600;11;0
040;3;08;006;65;1099;1000;5;0
040;7;05;018;1;27;400;2;0
060;1;03;006;375;13580;2800;11;0
040;3;08;008;105;1797;1000;5;0
040;7;05;020;1;28;400;2;0
060;1;06;014;242;8211;2600;11;0
040;3;08;010;1;20;1000;5;0
060;1;03;008;381;12999;2700;10;0
040;7;09;002;5;114;600;3;0
040;3;08;012;1;21;1200;5;0
060;1;06;016;418;14515;2700;12;0
040;7;09;004;7;156;600;3;0
040;3;08;014;146;2471;1200;5;0
060;1;03;010;162;5632;2800;11;0
040;3;08;016;83;1369;1000;5;0
040;7;09;006;14;325;600;3;0
060;1;06;018;271;8922;2600;11;0
040;3;08;018;6;105;1000;5;0
040;7;09;008;38;844;600;3;0
060;1;03;012;62;2106;2700;10;0
040;3;08;020;34;583;1000;5;0
040;7;09;010;12;286;600;3;0
060;1;06;020;306;10276;2700;12;0
040;5;02;002;7;154;900;4;0
040;7;09;012;7;180;600;3;0
060;1;03;014;342;11871;2800;11;0
040;5;02;004;14;289;800;4;0
040;7;09;014;5;113;600;3;0
040;5;02;006;1;26;900;3;0
060;3;01;002;1;63;1400;6;0
060;1;03;016;337;11694;2700;10;0
040;7;09;016;11;247;600;3;0
040;5;02;008;5;108;800;4;0
040;7;09;018;3;69;600;3;0
040;5;02;010;1;27;900;3;0
060;1;03;018;304;10402;2700;10;0
040;7;09;020;18;409;600;3;0
040;5;02;012;1;26;900;4;0
060;3;01;004;23;1295;1600;6;0
040;9;03;002;1;28;400;2;0
060;1;03;020;161;5554;2700;10;0
040;5;02;014;1;26;900;4;0
040;9;03;004;1;28;400;2;0
040;5;02;016;1;28;800;4;0
040;9;03;006;1;28;400;2;0
060;1;07;002;60;2113;2900;11;0
040;5;02;018;79;1579;600;3;0
060;3;01;006;293;15889;1400;6;0
040;9;03;008;1;29;400;2;0
040;5;02;020;87;1759;900;3;0
040;9;03;010;1;27;400;2;0
060;1;07;004;16;560;3000;11;0
040;5;06;002;63;1278;700;3;0
040;9;03;012;1;27;400;2;0
040;5;06;004;201;4054;800;4;0
060;3;01;008;319;18533;1600;6;0
040;9;03;014;1;27;400;2;0
060;1;07;006;164;5765;2800;11;0
040;5;06;006;1;26;700;3;0
040;9;03;016;1;28;400;2;0
040;5;06;008;1;26;700;3;0
060;1;07;008;106;3817;3000;12;0
040;9;03;018;1;28;400;2;0
060;3;01;010;67;3717;1400;6;0
040;5;06;010;2;47;700;3;0
040;9;03;020;1;27;400;2;0
060;1;07;010;21;718;3000;11;0
040;9;07;002;75;1341;400;2;0
040;5;06;012;1;26;700;3;0
040;9;07;004;20;401;400;2;0
040;5;06;014;1;26;700;3;0
060;1;07;012;17;581;2900;11;0
060;3;01;012;391;21773;1400;6;0
040;9;07;006;25;493;400;2;0
040;5;06;016;11;229;800;3;0
040;9;07;008;2;47;400;2;0
060;1;07;014;60;2027;2800;11;0
040;5;06;018;1;26;900;3;0
040;9;07;010;6;134;400;2;0
040;5;06;020;10;213;700;3;0
060;3;01;014;69;3896;1500;6;0
040;9;07;012;1;27;500;2;0
060;1;07;016;370;12633;2800;11;0
040;7;01;002;1;30;600;3;0
040;9;07;014;18;377;400;2;0
040;7;01;004;7;156;400;2;0
040;9;07;016;11;220;400;2;0
060;1;07;018;203;6866;2800;11;0
060;3;01;016;200;10953;1400;6;0
040;7;01;006;1;29;600;3;0
040;9;07;018;10;200;400;2;0
040;9;07;020;8;164;400;2;0
040;7;01;008;13;281;400;2;0
060;1;07;020;364;12551;2900;11;0
040;7;01;010;18;420;400;2;0
060;1;10;002;13;461;3700;13;0
060;3;01;018;1;62;1500;6;0
040;7;01;012;115;2541;400;2;0
040;7;01;014;3;71;400;2;0
060;3;10;002;51;3051;1400;6;0
060;1;10;004;2;73;3700;12;0
040;7;01;016;1;29;600;3;0
060;3;01;020;342;18317;1400;6;0
040;7;01;018;8;181;400;2;0
060;1;10;006;198;6456;3500;12;0
040;7;01;020;8;179;400;2;0
060;3;10;004;398;21482;1400;6;0
040;7;04;002;3;72;600;3;0
060;1;10;008;333;10678;3500;12;0
040;7;04;004;1;28;600;2;0
060;3;04;002;240;13183;1100;5;0
040;7;04;006;5;113;600;2;0
060;1;10;010;2;74;3700;11;0
060;3;10;006;65;3803;1300;5;0
040;7;04;008;1;28;600;3;0
060;3;04;004;23;1278;1100;5;0
040;7;04;010;3;72;600;3;0
060;1;10;012;238;8348;3600;13;0
040;7;04;012;5;111;600;3;0
060;3;10;008;210;11354;1300;6;0
060;1;10;014;156;5522;3700;12;0
040;7;04;014;1;29;700;2;0
060;3;04;006;31;1634;1100;5;0
040;7;04;016;1;28;700;2;0
060;1;10;016;378;12338;3600;13;0
040;7;04;018;1;28;600;2;0
060;3;10;010;158;9149;1300;5;0
040;7;04;020;1;28;600;2;0
060;1;10;018;481;15860;3400;12;0
060;3;04;008;73;3898;1100;5;0
040;7;08;002;1;30;600;3;0
060;3;10;012;315;16784;1300;6;0
060;1;10;020;223;7464;3700;13;0
040;7;08;004;1;29;600;3;0
060;3;04;010;74;4159;1100;5;0
040;7;08;006;1;29;600;3;0
060;1;05;002;112;3972;3300;13;0
040;7;08;008;1;29;600;3;0
060;3;10;014;380;21783;1400;6;0
040;7;08;010;1;29;600;3;0
060;1;05;004;497;17496;3100;13;0
060;3;04;012;56;3316;1100;5;0
040;7;08;012;1;29;600;3;0
060;3;10;016;230;11873;1400;6;0
060;1;05;006;424;14761;3100;12;0
040;7;08;014;1;29;600;3;0
060;3;04;014;35;1854;1100;5;0
040;7;08;016;1;29;600;3;0
060;1;05;008;274;9691;3400;11;0
040;7;08;018;1;28;600;3;0
060;3;10;018;22;1250;1300;5;0
040;7;08;020;1;28;600;3;0
060;1;05;010;270;10038;3100;11;0
060;3;04;016;128;7098;1100;5;0
040;9;02;002;5;106;400;2;0
040;9;02;004;10;201;500;2;0
060;1;05;012;182;6711;3300;13;0
060;3;10;020;410;22867;1400;5;0
040;9;02;006;67;1261;400;2;0
060;3;04;018;4;224;1100;5;0
040;9;02;008;17;332;500;2;0
060;1;05;014;174;6501;3400;13;0
040;9;02;010;35;682;400;2;0
060;3;05;002;77;4238;1200;6;0
040;9;02;012;2;47;500;2;0
060;3;04;020;1;63;1100;5;0
060;1;05;016;495;17520;3200;12;0
040;9;02;014;53;1031;400;2;0
040;9;02;016;20;396;400;2;0
060;1;05;018;361;12342;3400;12;0
060;3;05;004;158;8824;1200;6;0
040;9;02;018;13;257;400;2;0
060;3;08;002;362;21007;1300;5;0
040;9;02;020;7;142;400;2;0
060;1;05;020;140;4862;3500;13;0
040;9;06;002;1;29;400;2;0
060;3;05;006;1;60;1200;6;0
040;9;06;004;1;27;400;2;0
060;1;09;002;2;76;3500;13;0
060;3;08;004;358;21398;1400;6;0
040;9;06;006;1;28;400;2;0
060;1;09;004;444;14510;3500;14;0
040;9;06;008;1;28;400;2;0
060;3;05;008;373;19418;1100;5;0
040;9;06;010;1;27;400;2;0
060;1;09;006;380;12632;3400;13;0
060;3;08;006;26;1552;1300;5;0
040;9;06;012;1;27;400;2;0
060;3;05;010;97;5176;1200;6;0
040;9;06;014;1;27;400;2;0
060;1;09;008;25;884;3200;13;0
040;9;06;016;1;28;400;2;0
060;3;08;008;347;19807;1300;6;0
060;1;09;010;245;8515;3500;13;0
040;9;06;018;1;28;400;2;0
060;3;05;012;1;63;1300;5;0
040;9;06;020;1;27;400;2;0
060;1;09;012;453;15258;3300;14;0
060;3;08;010;165;9305;1300;5;0
060;1;01;002;181;6842;3000;12;0
060;1;09;014;174;5785;3400;13;0
060;3;05;014;1;59;1300;5;0
060;1;01;004;439;15217;3100;12;0
060;1;09;016;145;4867;3600;12;0
060;3;08;012;440;26619;1300;5;0
060;3;05;016;66;3494;1200;6;0
060;1;01;006;274;9650;3000;12;0
060;1;09;018;370;12290;3600;13;0
060;1;01;008;390;14232;3200;12;0
060;1;09;020;2;96;3600;12;0
060;3;08;014;122;7337;1400;6;0
060;3;05;018;153;8319;1200;6;0
060;1;01;010;239;8438;3100;12;0
060;3;03;002;147;6573;1100;5;0
060;3;08;016;1;64;1300;6;0
060;3;05;020;84;4389;1200;6;0
060;1;01;012;328;11729;3100;12;0
060;3;03;004;199;9275;1200;5;0
060;1;01;014;355;12464;3100;12;0
060;3;09;002;19;1095;1400;6;0
060;3;08;018;152;8951;1300;5;0
060;3;03;006;225;10578;1100;5;0
060;1;01;016;235;8129;3100;12;0
060;3;09;004;266;14364;1100;5;0
060;3;08;020;39;2324;1300;5;0
060;1;01;018;11;399;3100;12;0
060;3;03;008;67;3025;1100;5;0
060;1;01;020;224;8115;3100;12;0
060;3;09;006;33;1801;1300;5;0
060;3;03;010;102;4758;1100;5;0
060;1;04;002;319;10442;3000;13;0
060;5;02;002;1;112;1000;4;0
060;3;03;012;97;4481;1100;5;0
060;3;09;008;1;66;1200;5;0
060;1;04;004;414;13852;2900;13;0
060;1;04;006;146;4985;3000;13;0
060;3;03;014;74;3513;1100;5;0
060;5;02;004;20;1493;800;3;0
060;3;09;010;157;8618;1300;6;0
060;1;04;008;295;10261;3100;13;0
060;3;03;016;449;20804;1200;5;0
060;3;09;012;480;25309;1300;6;0
060;1;04;010;344;11535;2900;13;0
060;5;02;006;1;85;1100;4;0
060;3;03;018;72;3386;1100;5;0
060;1;04;012;409;14267;3000;13;0
060;3;09;014;64;3511;1300;6;0
060;5;02;008;74;5521;700;3;0
060;1;04;014;424;14130;3000;13;0
060;3;03;020;1;56;1100;5;0
060;1;04;016;455;15270;3000;13;0
060;3;09;016;1;65;1500;5;0
060;3;07;002;1;59;1200;5;0
060;5;02;010;24;1833;800;3;0
060;1;04;018;354;12544;3100;13;0
060;3;09;018;110;6593;1300;6;0
060;1;04;020;328;11262;3000;13;0
060;3;07;004;149;6915;1100;5;0
060;5;02;012;4;312;800;3;0
060;1;08;002;251;7683;2900;11;0
060;3;09;020;261;14042;1300;6;0
060;3;07;006;66;3373;1100;5;0
060;1;08;004;254;7692;2900;11;0
060;1;08;006;1;39;2900;11;0
060;5;02;014;66;4916;1000;4;0
060;3;07;008;19;1082;1100;5;0
060;5;03;002;1;87;1100;4;0
060;1;08;008;69;2171;2900;11;0
060;1;08;010;3;99;2900;11;0
060;3;07;010;1;60;1100;5;0
060;5;02;016;1;86;800;3;0
060;1;08;012;156;4910;2900;11;0
060;5;03;004;14;1151;1000;4;0
060;3;07;012;65;3443;1100;5;0
060;1;08;014;115;3729;2900;11;0
060;5;02;018;4;312;800;3;0
060;1;08;016;13;405;2900;11;0
060;5;03;006;304;23004;800;4;0
060;3;07;014;131;7339;1100;5;0
060;1;08;018;352;11070;2900;11;0
060;1;08;020;268;8255;2900;11;0
060;5;02;020;140;10542;800;3;0
060;3;07;016;491;24649;1100;5;0
060;5;03;008;267;17193;800;4;0
060;3;02;002;1;69;1400;6;0
060;3;07;018;29;1521;1100;5;0
060;5;06;002;134;9797;800;4;0
060;5;03;010;215;16789;900;4;0
060;3;02;004;99;5587;1500;5;0
060;3;07;020;1;62;1100;5;0
060;5;06;004;83;6374;900;4;0
060;5;03;012;49;3840;900;4;0
060;3;02;006;1;65;1500;5;0
060;5;10;002;74;5498;800;4;0
060;5;06;006;83;6567;900;4;0
060;5;03;014;1;97;1000;4;0
060;3;02;008;3;185;1600;6;0
060;5;10;004;21;1633;800;4;0
060;3;02;010;93;5521;1500;5;0
060;5;03;016;334;24148;800;4;0
060;5;06;008;1;87;1000;4;0
060;5;10;006;128;9960;800;4;0
060;3;02;012;10;607;1500;6;0
060;5;03;018;111;7791;900;4;0
060;5;06;010;354;27446;900;4;0
060;3;02;014;375;22185;1500;6;0
060;5;10;008;5;408;1000;5;0
060;5;03;020;186;12953;800;4;0
060;3;02;016;40;2232;1600;6;0
060;5;06;012;9;711;900;4;0
060;5;10;010;264;18669;800;4;0
060;5;07;002;4;344;900;4;0
060;3;02;018;58;3377;1600;6;0
060;5;06;014;285;22194;800;4;0
060;5;10;012;19;1462;800;4;0
060;5;07;004;204;14760;800;4;0
060;3;02;020;60;3446;1300;6;0
060;5;06;016;216;16308;900;4;0
060;3;06;002;160;8298;1300;6;0
060;5;10;014;76;5706;800;4;0
060;5;07;006;1;90;900;4;0
060;3;06;004;28;1501;1300;5;0
060;5;06;018;26;2012;900;4;0
060;5;10;016;1;90;1000;4;0
060;5;07;008;1;90;900;4;0
060;3;06;006;452;22275;1500;6;0
060;5;06;020;475;32490;800;4;0
060;3;06;008;403;19126;1200;5;0
060;5;10;018;1;112;1000;4;0
060;5;07;010;339;24367;800;4;0
060;7;01;002;57;3941;600;3;0
060;3;06;010;124;6280;1200;6;0
060;5;10;020;1;90;900;4;0
060;5;07;012;1;89;900;4;0
060;3;06;012;178;9619;1300;5;0
060;7;01;004;205;12425;600;3;0
060;3;06;014;414;21106;1200;6;0
060;7;01;006;117;7986;600;3;0
060;5;05;002;15;1201;900;4;0
060;5;07;014;410;33458;1000;4;0
060;3;06;016;53;2951;1300;5;0
060;7;01;008;158;10247;600;3;0
060;5;05;004;1;89;1100;4;0
060;3;06;018;162;8281;1300;5;0
060;5;07;016;168;13311;900;4;0
060;7;01;010;107;7122;700;3;0
060;3;06;020;226;12482;1500;6;0
060;5;05;006;1;90;900;4;0
060;5;07;018;202;15195;900;4;0
060;7;01;012;347;24513;600;3;0
060;5;01;002;159;12424;900;4;0
060;5;07;020;76;5810;800;4;0
060;5;05;008;87;6570;900;4;0
060;7;01;014;200;13628;600;3;0
060;5;01;004;73;5887;900;4;0
060;7;10;002;1;90;600;3;0
060;5;05;010;201;15925;900;4;0
060;7;01;016;1;85;800;3;0
060;5;01;006;28;2272;900;4;0
060;7;10;004;14;991;600;3;0
060;5;05;012;1;88;1000;4;0
060;7;01;018;48;3194;600;3;0
060;7;10;006;52;3689;600;3;0
060;5;01;008;1;91;1100;4;0
060;7;01;020;1;86;700;3;0
060;5;05;014;249;18656;900;4;0
060;7;10;008;7;503;600;3;0
060;5;01;010;273;20811;900;4;0
060;7;04;002;341;23959;600;3;0
060;5;05;016;77;6272;900;4;0
060;7;10;010;6;431;500;2;0
060;5;01;012;14;1114;900;4;0
060;7;04;004;169;11690;600;3;0
060;5;05;018;64;5128;900;4;0
060;7;10;012;4;290;600;3;0
060;7;04;006;169;11205;600;3;0
060;5;01;014;227;17433;1000;4;0
060;7;10;014;9;646;500;2;0
060;5;05;020;17;1412;900;4;0
060;7;04;008;5;380;600;3;0
060;5;01;016;12;1008;1000;4;0
060;7;10;016;1;87;600;3;0
060;5;09;002;1;87;800;4;0
060;7;04;010;136;9585;600;3;0
060;7;10;018;1;85;600;3;0
060;5;01;018;1;89;1000;4;0
060;5;09;004;1;91;800;4;0
060;7;04;012;1;90;600;3;0
060;5;01;020;83;6033;900;4;0
060;7;10;020;3;229;600;3;0
060;5;09;006;1;87;800;4;0
060;7;04;014;322;23510;600;3;0
060;7;05;002;4;293;600;3;0
060;5;04;002;51;4006;800;4;0
060;5;09;008;1;87;800;4;0
060;7;05;004;96;6511;600;3;0
060;7;04;016;64;4449;600;3;0
060;5;04;004;155;12226;800;4;0
060;5;09;010;1;86;800;4;0
060;7;04;018;1;85;600;3;0
060;7;05;006;1;85;700;3;0
060;5;04;006;7;555;700;3;0
060;7;05;008;2;152;600;3;0
060;7;04;020;1;90;700;3;0
060;5;09;012;1;86;800;4;0
060;5;04;008;2;164;800;4;0
060;7;05;010;1;85;700;3;0
060;7;08;002;1;90;700;3;0
060;5;09;014;1;93;800;4;0
060;5;04;010;1;90;900;4;0
060;7;05;012;17;1246;600;3;0
060;7;08;004;1;87;700;3;0
060;5;09;016;1;91;800;4;0
060;5;04;012;49;3956;900;4;0
060;7;05;014;1;85;700;3;0
060;7;08;006;1;88;700;3;0
060;5;09;018;1;85;800;4;0
060;5;04;014;381;27858;800;4;0
060;7;05;016;1;86;700;3;0
060;7;08;008;1;86;600;3;0
060;5;09;020;1;87;800;4;0
060;5;04;016;47;3825;900;4;0
060;7;05;018;2;155;600;3;0
060;7;08;010;5;368;600;3;0
060;7;03;002;1;97;500;2;0
060;7;05;020;1;86;700;3;0
060;5;04;018;1;86;900;4;0
060;7;08;012;3;225;600;3;0
060;7;03;004;1;87;500;2;0
060;7;09;002;257;17898;600;3;0
060;5;04;020;240;17835;800;4;0
060;7;08;014;1;85;600;3;0
060;7;03;006;1;86;500;2;0
060;7;09;004;9;649;700;3;0
060;5;08;002;88;6218;800;4;0
060;7;08;016;100;6948;600;3;0
060;7;09;006;11;825;700;3;0
060;5;08;004;5;403;800;4;0
060;7;03;008;1;86;500;2;0
060;7;08;018;29;2048;600;3;0
060;5;08;006;208;13170;800;4;0
060;7;09;008;25;1774;600;3;0
060;7;03;010;1;88;500;2;0
060;7;08;020;83;5856;600;3;0
060;5;08;008;240;17903;800;4;0
060;9;02;002;97;4954;400;2;0
060;7;09;010;414;28173;600;3;0
060;7;03;012;1;89;500;2;0
060;9;02;004;1;72;500;2;0
060;7;09;012;204;14567;600;3;0
060;5;08;010;39;2994;900;4;0
060;7;03;014;1;87;500;2;0
060;9;02;006;1;70;500;2;0
060;7;09;014;70;4896;600;3;0
060;9;02;008;32;1606;400;2;0
060;5;08;012;479;37124;900;4;0
060;7;03;016;1;91;500;2;0
060;9;02;010;3;169;400;2;0
060;7;09;016;1;87;600;3;0
060;5;08;014;209;16029;900;4;0
060;9;02;012;2;119;400;2;0
060;7;03;018;1;92;500;2;0
060;9;02;014;2;120;400;2;0
060;7;09;018;209;14576;600;3;0
060;5;08;016;62;4601;900;4;0
060;7;03;020;1;86;500;2;0
060;9;02;016;6;329;400;2;0
060;7;09;020;37;2626;600;3;0
060;5;08;018;11;863;1100;4;0
060;9;02;018;15;798;400;2;0
060;7;07;002;1;89;600;3;0
060;9;03;002;39;2017;400;2;0
060;9;02;020;6;337;400;2;0
060;5;08;020;128;9693;1000;4;0
060;9;03;004;210;10581;400;2;0
060;7;07;004;98;6799;600;3;0
060;9;06;002;1;72;500;2;0
060;9;03;006;1;70;500;2;0
060;7;02;002;1;85;600;3;0
060;7;07;006;8;576;400;2;0
060;9;06;004;13;683;400;2;0
060;9;03;008;1;71;500;2;0
060;9;06;006;1;70;500;2;0
060;7;02;004;1;85;600;3;0
060;7;07;008;1;88;600;3;0
060;9;03;010;28;1475;400;2;0
060;9;06;008;1;73;500;2;0
060;9;03;012;1;70;400;2;0
060;7;02;006;1;84;600;3;0
060;7;07;010;1;85;700;3;0
060;9;06;010;1;70;500;2;0
060;9;03;014;1;71;500;2;0
060;7;02;008;1;84;600;3;0
060;9;06;012;172;8667;400;2;0
060;7;07;012;25;1837;600;3;0
060;9;03;016;1;77;500;2;0
060;9;06;014;2;120;400;2;0
060;7;02;010;1;92;600;3;0
060;9;03;018;24;1221;400;2;0
060;7;07;014;13;914;600;3;0
060;9;06;016;1;74;500;2;0
060;9;03;020;1;77;500;2;0
060;7;02;012;1;84;600;3;0
060;7;07;016;123;8512;400;2;0
060;9;06;018;1;71;500;2;0
060;9;07;002;1;72;400;2;0
060;9;06;020;3;193;400;2;0
060;7;02;014;1;85;600;3;0
060;7;07;018;2;157;600;3;0
060;9;07;004;1;71;400;2;0
080;1;01;002;156;11687;3700;13;0
060;9;07;006;1;70;400;2;0
060;7;02;016;1;85;600;3;0
060;7;07;020;77;5313;600;3;0
060;9;07;008;1;72;400;2;0
060;9;10;002;1;72;400;2;0
080;1;01;004;349;27196;3800;14;0
060;7;02;018;1;85;600;3;0
060;9;07;010;1;69;400;2;0
060;9;10;004;1;73;400;2;0
060;7;02;020;11;775;600;3;0
080;1;01;006;491;38331;3700;13;0
060;9;07;012;1;72;400;2;0
060;9;10;006;1;70;400;2;0
060;9;07;014;1;70;400;2;0
060;7;06;002;1;94;600;3;0
060;9;10;008;1;69;400;2;0
080;1;01;008;304;22509;3900;14;0
060;9;07;016;1;71;400;2;0
060;9;10;010;1;68;400;2;0
060;7;06;004;195;13475;600;3;0
080;1;01;010;154;11440;4000;13;0
060;9;07;018;1;71;400;2;0
060;9;10;012;1;70;400;2;0
060;7;06;006;25;1806;600;3;0
060;9;07;020;1;71;400;2;0
080;1;01;012;266;19025;3900;14;0
060;9;10;014;1;70;400;2;0
060;7;06;008;3;233;600;3;0
060;9;10;016;1;71;400;2;0
080;1;01;014;255;18876;3800;13;0
080;1;10;002;178;13733;3500;13;0
060;9;10;018;1;68;400;2;0
060;7;06;010;1;88;600;3;0
080;1;10;004;1;86;3500;14;0
080;1;01;016;257;18818;3700;13;0
060;9;10;020;1;70;400;2;0
060;7;06;012;70;4939;600;3;0
060;9;05;002;1;73;400;2;0
080;1;10;006;441;32504;3300;13;0
080;1;01;018;127;9408;3900;13;0
060;7;06;014;6;456;600;3;0
060;9;05;004;1;76;400;2;0
080;1;10;008;394;28643;3500;13;0
080;1;01;020;473;34208;3700;13;0
060;9;05;006;1;70;400;2;0
060;7;06;016;135;9641;600;3;0
080;1;10;010;486;36478;3400;14;0
060;9;05;008;1;71;400;2;0
080;1;04;002;61;4573;3500;14;0
060;7;06;018;2;161;600;3;0
060;9;05;010;1;71;400;2;0
080;1;04;004;215;15731;3500;14;0
080;1;10;012;151;11246;3700;15;0
060;7;06;020;5;379;600;3;0
060;9;05;012;1;70;400;2;0
060;9;01;002;92;4707;400;2;0
080;1;04;006;96;7203;3500;13;0
080;1;10;014;500;36655;3600;14;0
060;9;05;014;1;71;400;2;0
060;9;01;004;1;71;500;2;0
060;9;05;016;1;71;400;2;0
080;1;04;008;409;30261;3800;14;0
080;1;10;016;257;19342;3700;15;0
060;9;01;006;1;72;500;2;0
060;9;05;018;1;75;400;2;0
080;1;10;018;486;34223;3200;13;0
080;1;04;010;476;35398;3400;13;0
060;9;01;008;1;70;500;2;0
060;9;05;020;1;72;400;2;0
060;9;01;010;1;70;500;2;0
060;9;09;002;421;21889;400;2;0
080;1;04;012;311;23201;3600;13;0
080;1;10;020;420;32445;3500;14;0
060;9;01;012;1;75;500;2;0
060;9;09;004;1;72;500;2;0
080;1;04;014;10;734;3700;14;0
080;1;05;002;181;13550;3800;14;0
060;9;01;014;20;1040;400;2;0
060;9;09;006;440;23452;400;2;0
060;9;01;016;1;73;400;2;0
060;9;09;008;89;4389;400;2;0
080;1;04;016;183;13941;3500;13;0
080;1;05;004;328;24404;3800;14;0
060;9;01;018;16;847;400;2;0
060;9;09;010;205;10264;400;2;0
080;1;04;018;84;5206;3500;13;0
060;9;01;020;6;322;400;2;0
060;9;09;012;5;278;400;2;0
080;1;05;006;453;35334;3000;13;0
060;9;09;014;1;71;400;2;0
060;9;04;002;241;12329;400;2;0
080;1;04;020;219;15941;3500;14;0
080;1;05;008;438;33339;3500;14;0
060;9;09;016;14;752;400;2;0
060;9;04;004;1;71;500;2;0
080;1;08;002;339;25691;3500;14;0
060;9;04;006;302;15113;400;2;0
060;9;09;018;32;1616;400;2;0
080;1;05;010;1;91;3800;14;0
060;9;04;008;1;70;400;2;0
060;9;09;020;1;72;500;2;0
080;1;08;004;276;20383;3800;13;0
080;1;05;012;283;21767;3700;13;0
060;9;04;010;12;640;400;2;0
080;1;03;002;258;17342;3300;13;0
080;1;08;006;429;32790;3400;14;0
060;9;04;012;1;71;500;2;0
080;1;05;014;167;12632;3800;13;0
060;9;04;014;114;5690;400;2;0
080;1;03;004;205;13898;3500;13;0
080;1;08;008;493;37622;3800;14;0
060;9;04;016;1;71;400;2;0
080;1;05;016;271;20522;3500;14;0
080;1;03;006;68;4544;3500;13;0
060;9;04;018;422;21161;400;2;0
080;1;08;010;463;33909;3600;13;0
080;1;05;018;59;4535;3500;13;0
080;1;03;008;114;7766;3500;14;0
060;9;04;020;1;80;400;2;0
080;1;08;012;335;25693;3600;13;0
060;9;08;002;1;72;400;2;0
080;1;03;010;400;27178;3400;14;0
080;1;05;020;432;33207;3700;14;0
060;9;08;004;1;71;400;2;0
080;1;08;014;2;166;3600;14;0
080;1;03;012;323;21560;3400;13;0
080;1;09;002;236;19113;3800;12;0
060;9;08;006;1;72;400;2;0
080;1;08;016;476;35573;3600;13;0
080;1;03;014;475;31213;3700;14;0
060;9;08;008;1;73;400;2;0
080;1;09;004;470;37777;3200;12;0
080;1;08;018;366;27093;3900;15;0
060;9;08;010;1;70;400;2;0
080;1;03;016;101;6486;3500;13;0
080;1;09;006;113;7659;3500;14;0
060;9;08;012;1;70;400;2;0
080;1;03;018;364;24442;3400;13;0
080;1;08;020;134;10169;3700;14;0
060;9;08;014;1;72;400;2;0
080;1;09;008;153;11919;3600;12;0
080;1;03;020;260;16969;3600;14;0
060;9;08;016;1;71;400;2;0
080;1;09;010;55;4267;3600;13;0
060;9;08;018;1;72;400;2;0
080;1;07;002;453;33907;3300;13;0
080;3;02;002;65;9860;1300;6;0
060;9;08;020;1;70;400;2;0
080;1;09;012;377;29840;3600;13;0
080;1;07;004;135;10086;3700;13;0
080;1;02;002;230;18593;3800;15;0
080;1;09;014;365;28352;3500;14;0
080;1;07;006;242;18114;3500;13;0
080;3;02;004;93;14048;1300;6;0
080;1;02;004;475;36086;3800;15;0
080;1;07;008;433;31232;3900;14;0
080;1;09;016;479;39895;3400;12;0
080;1;02;006;493;36432;3500;14;0
080;1;07;010;170;12718;3500;13;0
080;1;09;018;494;39462;3600;13;0
080;3;02;006;25;4021;1300;6;0
080;1;02;008;2;166;3900;15;0
080;1;07;012;265;19024;3600;14;0
080;1;09;020;272;20645;3600;13;0
080;1;02;010;228;17421;3700;15;0
080;1;07;014;2;163;3600;12;0
080;3;02;008;1;166;1300;6;0
080;1;02;012;494;32225;3700;14;0
080;1;07;016;310;22752;3600;13;0
080;3;03;002;291;44816;1600;7;0
080;1;02;014;8;615;3800;14;0
080;1;07;018;480;35203;3300;13;0
080;3;02;010;1;170;1300;6;0
080;1;02;016;79;6128;3900;14;0
080;1;07;020;254;18195;3600;13;0
080;3;03;004;354;54724;1500;7;0
080;1;02;018;1;93;3800;15;0
080;1;02;020;465;34652;3800;14;0
080;3;02;012;248;38467;1300;6;0
080;3;10;002;49;7128;1500;6;0
080;3;03;006;40;6132;1600;6;0
080;1;06;002;166;10840;3700;14;0
080;1;06;004;132;9244;4000;15;0
080;3;02;014;91;14367;1300;6;0
080;3;10;004;98;14339;1500;6;0
080;3;03;008;1;168;1600;6;0
080;1;06;006;69;4688;4100;14;0
080;1;06;008;395;28388;4100;15;0
080;3;02;016;241;37018;1300;6;0
080;3;10;006;217;32227;1400;5;0
080;1;06;010;443;30140;4100;15;0
080;3;03;010;22;3366;1600;7;0
080;1;06;012;474;32035;4100;15;0
080;3;10;008;167;23843;1400;5;0
080;3;02;018;464;68695;1400;6;0
080;1;06;014;419;29563;3900;15;0
080;3;03;012;46;6941;1400;6;0
080;1;06;016;254;18348;3900;14;0
080;3;10;010;34;4836;1400;5;0
080;3;02;020;11;1830;1300;6;0
080;1;06;018;1;84;4100;15;0
080;3;03;014;260;39591;1700;6;0
080;1;06;020;237;16194;3800;14;0
080;3;10;012;326;48060;1400;5;0
080;3;06;002;281;44700;1500;6;0
080;3;03;016;1;169;1600;6;0
080;3;01;002;13;2026;1500;6;0
080;3;10;014;47;6869;1400;5;0
080;3;06;004;98;15436;1600;7;0
080;3;03;018;103;16079;1600;6;0
080;3;01;004;64;9950;1500;6;0
080;3;10;016;72;10590;1500;6;0
080;3;06;006;147;23254;1500;6;0
080;3;03;020;54;8560;1500;6;0
080;3;01;006;1;170;1600;6;0
080;3;10;018;1;160;1500;6;0
080;3;06;008;211;33561;1500;6;0
080;3;07;002;1;181;1700;7;0
080;3;01;008;1;165;1600;5;0
080;3;10;020;173;24003;1400;5;0
080;3;06;010;7;1166;1600;6;0
080;3;07;004;213;33439;1500;6;0
080;3;01;010;1;165;1600;6;0
080;3;05;002;442;69104;1500;7;0
080;3;06;012;161;25757;1700;6;0
080;3;07;006;1;174;1500;6;0
080;3;01;012;421;61522;1400;6;0
080;3;05;004;246;39769;1700;7;0
080;3;06;014;1;171;1600;7;0
080;3;07;008;283;45997;1400;6;0
080;3;01;014;356;56289;1600;6;0
080;3;05;006;470;75264;1600;6;0
080;3;06;016;138;21634;1600;7;0
080;3;01;016;1;167;1700;6;0
080;3;07;010;494;81624;1300;6;0
080;3;05;008;251;38610;1600;6;0
080;3;06;018;83;12787;1600;6;0
080;3;01;018;215;34189;1400;6;0
080;3;07;012;262;41186;1400;6;0
080;3;05;010;340;53166;1400;6;0
080;3;06;020;1;197;1700;7;0
080;3;01;020;125;19294;1600;6;0
080;3;07;014;418;68259;1500;6;0
080;3;05;012;215;34133;1600;6;0
080;3;04;002;182;28960;1500;6;0
080;3;07;016;249;40957;1300;6;0
080;3;05;014;1;174;1800;6;0
080;5;01;002;1;250;900;4;0
080;3;04;004;1;172;1600;6;0
080;3;07;018;65;10505;1400;7;0
080;3;05;016;309;48446;1500;7;0
080;5;01;004;45;9309;900;4;0
080;3;04;006;1;173;1600;6;0
080;3;07;020;56;9021;1500;6;0
080;3;05;018;417;60063;1400;6;0
080;5;01;006;1;241;900;4;0
080;3;04;008;51;8096;1400;6;0
080;3;05;020;484;74828;1700;7;0
080;5;10;002;22;4625;900;4;0
080;3;04;010;1;174;1600;6;0
080;3;09;002;394;64377;1300;6;0
080;5;01;008;107;21557;900;4;0
080;5;10;004;1;231;1000;4;0
080;3;04;012;333;51905;1300;6;0
080;3;09;004;87;13962;1300;6;0
080;5;01;010;1;242;900;4;0
080;5;10;006;1;227;1000;4;0
080;3;04;014;430;69175;1400;7;0
080;3;09;006;31;4996;1300;6;0
080;5;01;012;1;225;900;4;0
080;3;04;016;158;24908;1300;6;0
080;3;09;008;20;3201;1300;6;0
080;5;10;008;1;233;1000;4;0
080;3;04;018;217;34898;1600;7;0
080;5;01;014;1;229;900;4;0
080;3;09;010;172;27463;1300;6;0
080;5;10;010;1;227;1000;4;0
080;3;04;020;82;13098;1500;6;0
080;3;09;012;133;20744;1300;6;0
080;5;01;016;1;224;900;4;0
080;5;10;012;1;228;900;4;0
080;3;08;002;5;771;1500;6;0
080;3;09;014;159;24878;1200;6;0
080;5;01;018;1;232;900;4;0
080;3;08;004;1;169;1400;6;0
080;5;10;014;15;3148;800;4;0
080;3;09;016;178;27548;1300;6;0
080;3;08;006;253;37191;1400;6;0
080;5;01;020;1;222;900;4;0
080;3;09;018;1;173;1300;6;0
080;5;10;016;1;225;1000;4;0
080;3;08;008;110;16561;1400;6;0
080;5;04;002;1;228;1100;5;0
080;3;09;020;319;49468;1300;6;0
080;5;10;018;1;225;1000;4;0
080;3;08;010;341;51066;1400;6;0
080;5;04;004;215;43716;1000;4;0
080;5;03;002;1;229;1000;4;0
080;3;08;012;457;64897;1400;6;0
080;5;10;020;1;223;1000;4;0
080;3;08;014;67;10197;1500;6;0
080;5;04;006;1;224;1100;5;0
080;5;03;004;116;23673;1000;4;0
080;5;05;002;68;13795;900;4;0
080;3;08;016;1;165;1600;6;0
080;5;04;008;19;3842;800;4;0
080;5;03;006;1;223;1100;4;0
080;3;08;018;398;60600;1500;6;0
080;5;05;004;1;223;900;4;0
080;5;04;010;138;26780;800;4;0
080;3;08;020;141;21382;1400;6;0
080;5;03;008;54;11079;1000;4;0
080;5;05;006;1;228;1000;4;0
080;5;04;012;177;34969;900;4;0
080;5;03;010;154;30792;1000;4;0
080;5;02;002;1;238;1000;4;0
080;5;05;008;24;5052;900;4;0
080;5;04;014;481;95363;900;4;0
080;5;02;004;30;6029;900;4;0
080;5;03;012;1;229;900;3;0
080;5;05;010;1;219;900;4;0
080;5;04;016;423;82774;800;4;0
080;5;02;006;242;48506;900;4;0
080;5;03;014;329;66821;1000;4;0
080;5;05;012;343;68781;900;4;0
080;5;04;018;1;223;1100;4;0
080;5;02;008;155;31605;1000;4;0
080;5;03;016;53;11012;1000;4;0
080;5;05;014;74;14921;900;4;0
080;5;04;020;116;22521;800;4;0
080;5;02;010;1;220;1000;4;0
080;5;03;018;9;1843;1000;4;0
080;5;05;016;6;1312;900;4;0
080;5;08;002;156;30022;800;4;0
080;5;02;012;6;1253;1000;4;0
080;5;03;020;200;40027;800;4;0
080;5;05;018;488;99873;800;4;0
080;5;08;004;495;102666;1100;5;0
080;5;02;014;440;85782;900;4;0
080;5;07;002;53;11535;800;4;0
080;5;05;020;1;219;900;4;0
080;5;08;006;1;251;800;4;0
080;5;02;016;222;44792;1000;4;0
080;5;07;004;1;233;800;4;0
080;5;09;002;1;247;900;4;0
080;5;08;008;36;7179;900;4;0
080;5;02;018;18;3662;900;4;0
080;5;08;010;114;19642;800;4;0
080;5;07;006;1;229;800;4;0
080;5;09;004;1;230;900;4;0
080;5;02;020;1;220;1100;4;0
080;5;08;012;68;13611;800;4;0
080;5;07;008;124;25687;800;4;0
080;5;09;006;1;229;900;4;0
080;5;06;002;324;60652;1100;4;0
080;5;08;014;188;37331;1000;5;0
080;5;07;010;11;2311;800;4;0
080;5;09;008;1;241;900;4;0
080;5;06;004;2;436;1100;4;0
080;5;08;016;26;5207;900;4;0
080;5;07;012;1;227;800;4;0
080;5;06;006;325;60426;1000;4;0
080;5;09;010;1;228;900;4;0
080;5;08;018;337;60954;900;4;0
080;5;07;014;1;241;800;4;0
080;5;06;008;1;226;1300;4;0
080;5;09;012;1;222;900;4;0
080;5;08;020;305;61430;900;4;0
080;5;07;016;26;5471;800;4;0
080;5;06;010;5;1033;1200;4;0
080;5;09;014;1;220;900;4;0
080;7;02;002;1;205;700;3;0
080;5;07;018;5;1056;800;4;0
080;5;06;012;1;252;1400;4;0
080;5;09;016;121;24699;800;4;0
080;7;02;004;1;209;700;3;0
080;5;06;014;16;3285;1300;4;0
080;5;07;020;1;225;800;4;0
080;7;02;006;1;232;700;3;0
080;5;09;018;1;230;900;4;0
080;7;10;002;1;205;600;3;0
080;5;06;016;1;225;1300;4;0
080;7;02;008;1;208;700;3;0
080;5;09;020;1;226;1000;4;0
080;7;10;004;1;205;600;3;0
080;5;06;018;2;449;1100;4;0
080;7;02;010;4;697;600;3;0
080;7;03;002;307;51075;700;3;0
080;7;10;006;1;214;600;3;0
080;7;02;012;1;203;700;3;0
080;5;06;020;433;79478;1000;4;0
080;7;03;004;154;25294;600;3;0
080;7;10;008;1;204;600;3;0
080;7;02;014;37;6158;700;3;0
080;7;01;002;1;234;700;3;0
080;7;03;006;86;14818;600;3;0
080;7;10;010;1;214;600;3;0
080;7;02;016;1;206;700;3;0
080;7;01;004;1;209;700;3;0
080;7;03;008;1;208;700;3;0
080;7;10;012;1;204;600;3;0
080;7;02;018;1;205;700;3;0
080;7;01;006;1;207;700;3;0
080;7;03;010;19;3289;700;3;0
080;7;02;020;15;2534;600;3;0
080;7;10;014;1;208;600;3;0
080;7;01;008;1;228;700;3;0
080;7;03;012;3;541;700;3;0
080;7;06;002;132;22144;600;3;0
080;7;10;016;1;204;600;3;0
080;7;03;014;185;29257;600;3;0
080;7;01;010;1;209;700;3;0
080;7;06;004;1;202;700;3;0
080;7;10;018;1;222;600;3;0
080;7;03;016;1;217;700;3;0
080;7;01;012;1;224;700;3;0
080;7;06;006;1;204;700;3;0
080;7;10;020;1;205;600;3;0
080;7;03;018;401;64551;700;3;0
080;7;01;014;1;207;700;3;0
080;7;06;008;1;204;700;3;0
080;7;03;020;14;2409;700;3;0
080;7;05;002;1;228;700;3;0
080;7;01;016;1;210;700;3;0
080;7;06;010;1;213;600;3;0
080;7;07;002;1;208;700;3;0
080;7;05;004;1;209;700;3;0
080;7;01;018;1;236;700;3;0
080;7;06;012;453;73042;600;3;0
080;7;07;004;1;208;700;3;0
080;7;05;006;1;216;700;3;0
080;7;01;020;1;218;700;3;0
080;7;06;014;1;202;700;3;0
080;7;07;006;1;212;700;3;0
080;7;05;008;1;208;700;3;0
080;7;04;002;99;16597;700;3;0
080;7;06;016;120;19897;600;3;0
080;7;07;008;32;5526;600;3;0
080;7;05;010;1;206;700;3;0
080;7;04;004;1;207;600;3;0
080;7;06;018;1;204;700;3;0
080;7;07;010;116;19114;600;3;0
080;7;05;012;1;209;700;3;0
080;7;04;006;116;19482;600;3;0
080;7;07;012;27;4602;600;3;0
080;7;06;020;1;205;700;3;0
080;7;05;014;133;21805;700;3;0
080;7;04;008;52;8820;600;3;0
080;9;01;002;1;156;400;2;0
080;7;07;014;1;214;700;3;0
080;7;05;016;96;16304;700;3;0
080;9;01;004;1;150;400;2;0
080;7;04;010;78;13790;600;3;0
080;9;01;006;1;157;400;2;0
080;7;07;016;1;207;700;3;0
080;7;05;018;221;36523;600;3;0
080;7;04;012;29;5022;700;3;0
080;9;01;008;1;153;400;2;0
080;7;07;018;1;211;700;3;0
080;7;05;020;23;3891;700;3;0
080;9;01;010;1;150;400;2;0
080;7;04;014;1;217;700;3;0
080;9;01;012;1;151;400;2;0
080;7;07;020;1;211;700;3;0
080;7;09;002;1;209;600;3;0
080;7;04;016;9;1581;600;3;0
080;9;01;014;1;153;400;2;0
080;9;10;002;38;4220;400;2;0
080;7;09;004;1;206;600;3;0
080;9;01;016;1;154;400;2;0
080;9;10;004;1;148;400;2;0
080;7;04;018;7;1222;700;3;0
080;9;01;018;1;153;400;2;0
080;9;10;006;1;151;400;2;0
080;7;09;006;1;207;600;3;0
080;7;04;020;31;5163;600;3;0
080;9;01;020;1;149;400;2;0
080;9;10;008;1;176;500;2;0
080;9;04;002;1;157;500;2;0
080;9;10;010;1;151;400;2;0
080;7;09;008;1;207;600;3;0
080;7;08;002;128;22019;600;3;0
080;9;04;004;3;369;500;2;0
080;9;10;012;1;154;400;2;0
080;9;04;006;264;23995;400;2;0
080;7;09;010;1;210;600;3;0
080;9;10;014;2;254;400;2;0
080;7;08;004;14;2477;600;3;0
080;9;10;016;2;253;400;2;0
080;9;04;008;1;171;600;2;0
080;7;09;012;1;205;600;3;0
080;9;04;010;7;791;500;2;0
080;9;10;018;1;151;400;2;0
080;7;08;006;1;214;600;3;0
080;9;04;012;1;153;600;2;0
080;9;10;020;1;150;400;2;0
080;7;09;014;1;210;600;3;0
080;9;04;014;4;474;500;2;0
080;7;08;008;1;210;600;3;0
080;9;05;002;1;154;400;2;0
080;9;04;016;1;151;400;2;0
080;7;09;016;1;206;600;3;0
080;9;05;004;1;152;400;2;0
080;7;08;010;1;211;600;3;0
080;9;04;018;79;8785;500;2;0
080;9;05;006;1;167;400;2;0
080;7;09;018;1;209;600;3;0
080;9;04;020;1;153;500;2;0
080;7;08;012;1;208;600;3;0
080;9;05;008;1;152;400;2;0
080;9;08;002;1;152;400;2;0
080;9;05;010;84;9206;400;2;0
080;7;09;020;1;210;600;3;0
080;7;08;014;1;210;600;3;0
080;9;08;004;10;1110;400;2;0
080;9;05;012;1;152;400;2;0
080;9;03;002;1;153;400;2;0
080;9;08;006;7;803;500;2;0
080;9;05;014;1;153;400;2;0
080;7;08;016;1;206;600;3;0
080;9;03;004;1;152;400;2;0
080;9;08;008;1;152;400;2;0
080;9;05;016;1;153;400;2;0
080;9;03;006;1;151;400;2;0
080;9;08;010;1;152;400;2;0
080;7;08;018;1;208;600;3;0
080;9;05;018;2;262;400;2;0
080;9;03;008;1;151;400;2;0
080;9;08;012;1;153;400;2;0
080;9;05;020;1;153;400;2;0
080;9;03;010;1;152;400;2;0
080;7;08;020;1;208;600;3;0
080;9;08;014;1;153;500;2;0
080;9;09;002;1;153;600;2;0
080;9;03;012;1;149;400;2;0
080;9;02;002;160;17914;400;2;0
080;9;08;016;1;150;400;2;0
080;9;09;004;1;149;500;2;0
080;9;03;014;1;152;400;2;0
080;9;02;004;1;157;400;2;0
080;9;08;018;1;154;400;2;0
080;9;09;006;321;33968;500;2;0
080;9;03;016;1;162;400;2;0
080;9;02;006;2;260;400;2;0
080;9;08;020;18;1996;400;2;0
080;9;09;008;1;150;500;2;0
080;9;03;018;1;150;400;2;0
080;9;02;008;1;153;500;2;0
080;9;09;010;24;2586;400;2;0
080;9;03;020;1;150;400;2;0
080;9;02;010;1;151;500;2;0
080;9;09;012;53;5710;500;2;0
080;9;07;002;1;152;400;2;0
080;9;02;012;13;1404;400;2;0
080;9;09;014;12;1316;400;2;0
080;9;02;014;11;1201;400;2;0
080;9;07;004;1;152;400;2;0
080;9;09;016;1;148;500;2;0
080;9;02;016;1;149;400;2;0
080;9;07;006;1;153;400;2;0
080;9;09;018;134;13915;400;2;0
080;9;02;018;4;477;400;2;0
080;9;07;008;1;152;400;2;0
080;9;09;020;54;5520;500;2;0
080;9;02;020;1;152;500;2;0
080;9;07;010;1;152;400;2;0
080;9;06;002;1;150;600;2;0
080;9;07;012;1;148;400;2;0
080;9;06;004;1;145;600;2;0
080;9;07;014;1;147;400;2;0
080;9;06;006;2;243;500;2;0
080;9;07;016;1;143;400;2;0
080;9;06;008;1;141;600;2;0
080;9;07;018;1;145;400;2;0
080;9;06;010;44;4526;500;2;0
080;9;07;020;1;144;400;2;0
080;9;06;012;6;655;500;2;0
080;9;06;014;1;134;600;2;0
080;9;06;016;24;2316;400;2;0
080;9;06;018;20;1901;400;2;0
080;9;06;020;1;137;600;2;0
