sep=;
Size;Problem;Instance;Seed;Generations;Time;Fitness;Regenerators;Disconnected
100;1;01;042;158;6918;3600;16;0
100;1;05;042;438;21028;3500;14;0
100;1;03;042;115;5350;3500;14;0
100;1;06;042;62;2991;3400;14;0
100;1;02;042;38;1868;4000;14;0
100;1;04;042;63;3178;3300;14;0
100;1;10;042;175;10371;3600;14;0
100;1;01;044;336;14280;3400;15;0
100;1;05;044;139;6832;3700;15;0
100;1;06;044;165;7531;3700;16;0
100;1;02;044;74;3539;3700;15;0
100;1;10;044;292;12970;3600;15;0
100;1;03;044;89;4485;3500;15;0
100;1;04;044;94;4647;3200;14;0
100;1;01;046;66;2674;3300;15;0
100;1;02;046;39;1692;3900;15;0
100;1;06;046;173;8117;3700;15;0
100;1;05;046;451;23449;3700;15;0
100;1;03;046;431;21032;3800;15;0
100;1;04;046;456;23006;3400;16;0
100;1;10;046;173;8870;3600;15;0
100;1;01;048;38;2037;3700;15;0
100;1;02;048;157;7999;3400;14;0
100;1;06;048;95;4275;3600;16;0
100;1;05;048;186;8347;3700;15;0
100;1;03;048;60;2842;3600;16;0
100;1;04;048;283;12800;3700;16;0
100;1;10;048;61;2858;3500;14;0
100;1;01;050;165;6442;3300;15;0
100;1;02;050;50;2314;3800;16;0
100;1;06;050;178;8808;4000;15;0
100;1;03;050;230;11176;3100;15;0
100;1;05;050;135;7468;3700;15;0
100;1;04;050;275;13811;3100;13;0
100;1;10;050;207;10685;3700;16;0
100;1;01;052;199;9002;3100;13;0
100;1;02;052;102;4566;3500;14;0
100;1;06;052;67;3083;3600;15;0
100;1;03;052;58;2520;3800;15;0
100;1;05;052;299;13119;3600;14;0
100;1;10;052;123;5270;3700;15;0
100;1;04;052;137;6771;3300;14;0
100;1;01;054;54;2332;3900;17;0
100;1;02;054;59;2737;3700;13;0
100;1;06;054;62;3007;3700;15;0
100;1;03;054;61;2791;3200;15;0
100;1;05;054;408;19511;3600;15;0
100;1;10;054;401;21485;4000;16;0
100;1;04;054;52;2570;3600;15;0
100;1;01;056;122;5763;3400;16;0
100;1;02;056;89;4140;3500;14;0
100;1;03;056;180;7434;3600;14;0
100;1;06;056;153;7019;3500;15;0
100;1;05;056;328;16556;3500;16;0
100;1;10;056;45;1836;4100;16;0
100;1;04;056;275;12398;3300;14;0
100;1;01;058;50;2220;3600;15;0
100;1;02;058;140;5574;3700;13;0
100;1;03;058;76;3416;3600;16;0
100;1;06;058;67;3029;3800;15;0
100;1;05;058;85;4140;3500;15;0
100;1;10;058;86;4027;3600;15;0
100;1;02;060;43;1878;3700;14;0
100;1;04;058;59;2980;3000;14;0
100;1;01;060;250;13447;2900;13;0
100;1;06;060;129;5946;4000;16;0
100;1;05;060;235;10157;3300;13;0
100;1;03;060;109;5351;3600;16;0
100;1;10;060;68;3298;3600;14;0
100;1;04;060;153;6188;3500;15;0
100;1;09;042;313;16147;3500;16;0
100;3;03;042;55;2327;1500;7;0
100;1;07;042;215;9974;3900;16;0
100;3;02;042;91;4607;1600;8;0
100;3;01;042;58;2940;1600;8;0
100;1;08;042;119;5890;3900;15;0
100;1;09;044;97;4088;4100;17;0
100;3;03;044;105;4721;1500;7;0
100;1;07;044;198;9919;3700;16;0
100;3;10;042;192;8635;1500;7;0
100;3;01;044;93;4066;1500;7;0
100;3;03;046;88;3243;1500;7;0
100;3;02;044;68;3142;1700;8;0
100;1;08;044;67;3332;3800;15;0
100;1;09;046;135;6142;3500;15;0
100;1;07;046;56;2545;3800;16;0
100;3;01;046;74;3294;1400;7;0
100;3;10;044;81;3940;1400;6;0
100;1;08;046;106;4894;4000;16;0
100;3;02;046;70;3012;1700;8;0
100;1;09;048;53;2785;3700;15;0
100;3;03;048;43;2192;1900;7;0
100;1;07;048;135;6223;4100;16;0
100;3;10;046;105;4267;1500;7;0
100;3;01;048;190;10073;1200;6;0
100;3;02;048;164;7264;1600;8;0
100;1;08;048;75;3301;4300;17;0
100;3;10;048;70;2632;1400;7;0
100;3;03;050;90;3448;1400;7;0
100;1;09;050;76;3707;3600;15;0
100;1;07;050;193;8891;3900;16;0
100;3;01;050;247;9353;1400;7;0
100;3;02;050;63;2567;1500;7;0
100;1;08;050;129;5919;3800;16;0
100;1;09;052;149;5802;3400;15;0
100;3;03;052;402;19074;1600;8;0
100;1;07;052;328;15545;4100;16;0
100;3;10;050;70;3375;1500;7;0
100;3;01;052;101;5954;1400;7;0
100;3;02;052;64;2892;1600;7;0
100;1;08;052;236;12067;4200;16;0
100;1;09;054;55;2708;3300;15;0
100;1;07;054;193;9188;3500;14;0
100;3;10;052;73;3153;1500;7;0
100;3;03;054;63;3445;1800;7;0
100;3;01;054;62;2601;1400;7;0
100;3;02;054;498;24570;1600;8;0
100;1;07;056;62;3154;3800;14;0
100;1;09;056;39;1902;3800;15;0
100;1;08;054;270;14778;3800;16;0
100;3;10;054;450;25874;1500;7;0
100;3;01;056;111;5450;1400;7;0
100;3;03;056;139;7141;1500;7;0
100;3;02;056;413;20834;1400;7;0
100;1;09;058;57;2567;3600;16;0
100;1;07;058;55;2766;4400;18;0
100;1;08;056;83;4567;3900;16;0
100;3;10;056;456;25412;1700;7;0
100;3;03;058;176;9937;1400;7;0
100;1;09;060;356;18942;3300;15;0
100;3;01;058;164;11380;1400;7;0
100;3;02;058;157;9080;1600;7;0
100;1;07;060;153;8332;4000;17;0
100;3;10;058;83;3763;1600;8;0
100;1;08;058;106;5805;3900;16;0
100;3;03;060;62;2591;1400;7;0
100;3;04;042;116;4569;1400;7;0
100;3;06;042;297;14300;1700;7;0
100;3;01;060;132;5760;1500;7;0
100;3;02;060;162;7613;1500;7;0
100;1;08;060;56;2229;4300;16;0
100;3;10;060;97;4639;1500;7;0
100;5;01;042;52;2072;1000;5;0
100;3;07;042;168;9465;1300;6;0
100;3;09;042;234;12321;1500;7;0
100;3;04;044;160;8912;1500;7;0
100;3;08;042;75;3439;1500;7;0
100;3;06;044;83;5176;1500;7;0
100;3;05;042;297;19913;1200;6;0
100;5;01;044;89;3920;800;4;0
100;3;04;046;323;16395;1400;7;0
100;3;07;044;101;5457;1300;6;0
100;3;09;044;330;20203;1600;7;0
100;3;08;044;64;3228;1400;7;0
100;3;06;046;46;2213;1700;7;0
100;3;05;044;79;3705;1400;7;0
100;5;01;046;84;4229;900;4;0
100;3;04;048;458;24347;1600;7;0
100;3;09;046;82;3849;1700;7;0
100;3;06;048;77;3499;1400;7;0
100;3;08;046;56;2528;1600;8;0
100;3;07;046;79;4590;1500;7;0
100;3;05;046;428;30729;1400;7;0
100;5;01;048;87;3598;800;4;0
100;3;09;048;62;3442;1800;7;0
100;3;04;050;58;2994;1600;7;0
100;3;08;048;258;13371;1600;8;0
100;5;01;050;102;4649;800;4;0
100;3;09;050;100;3738;1600;7;0
100;3;06;050;57;3074;1600;7;0
100;3;07;048;303;22534;1300;6;0
100;3;05;048;67;3837;1500;7;0
100;3;04;052;74;3849;1600;7;0
100;3;08;050;97;5176;1400;7;0
100;5;01;052;88;4091;1000;5;0
100;3;09;052;66;2995;1600;7;0
100;3;06;052;90;4682;1400;7;0
100;5;01;054;100;3545;800;4;0
100;3;04;054;108;4902;1400;7;0
100;3;08;052;80;3091;1500;6;0
100;3;07;050;134;7447;1800;7;0
100;3;05;050;76;3781;1500;7;0
100;3;09;054;105;5001;1500;7;0
100;5;01;056;205;7821;800;4;0
100;3;06;054;50;2235;1700;8;0
100;3;04;056;60;2785;1400;7;0
100;3;08;054;62;2516;1500;7;0
100;3;05;052;65;2972;1500;7;0
100;5;01;058;63;2463;1000;5;0
100;3;07;052;62;3261;1400;7;0
100;3;09;056;65;2806;1700;7;0
100;3;08;056;54;2246;1600;8;0
100;3;04;058;336;18954;1600;7;0
100;3;06;056;157;10019;1400;7;0
100;3;05;054;200;11174;1400;7;0
100;3;07;054;75;3170;1400;7;0
100;5;01;060;110;5315;900;4;0
100;3;08;058;47;2021;1700;8;0
100;3;09;058;78;3981;1400;7;0
100;3;04;060;58;2560;1400;6;0
100;3;05;056;50;2099;1200;6;0
100;5;07;042;59;2143;1000;5;0
100;3;07;056;111;6006;1400;7;0
100;3;06;058;81;4158;1500;7;0
100;3;08;060;91;4639;1400;7;0
100;5;07;044;84;2990;800;4;0
100;3;09;060;60;2714;1700;8;0
100;5;10;042;60;2867;1000;5;0
100;3;07;058;59;2616;1600;7;0
100;3;05;058;54;2458;1400;7;0
100;5;05;042;62;2429;1000;5;0
100;5;06;042;61;2734;1000;5;0
100;5;07;046;61;2347;1000;5;0
100;3;06;060;150;9010;1400;7;0
100;3;07;060;79;4065;1600;7;0
100;5;10;044;64;2683;800;4;0
100;3;05;060;68;3482;1400;7;0
100;5;06;044;70;3182;1000;5;0
100;5;03;042;123;5217;800;4;0
100;5;05;044;96;5935;900;4;0
100;5;10;046;284;16557;800;4;0
100;5;07;048;53;2558;900;4;0
100;5;02;042;61;2647;1000;5;0
100;5;06;046;481;23959;900;4;0
100;5;04;042;104;6524;800;4;0
100;5;07;050;59;2241;900;4;0
100;5;03;044;75;3701;1000;5;0
100;5;05;046;198;9024;800;4;0
100;5;03;046;80;2417;800;4;0
100;5;10;048;53;2068;900;4;0
100;5;02;044;51;2363;1000;5;0
100;5;04;044;114;6949;1000;5;0
100;5;07;052;70;3615;800;4;0
100;5;05;048;237;11181;800;4;0
100;5;03;048;67;2699;1000;5;0
100;5;10;050;66;2833;800;4;0
100;5;06;048;122;8764;800;4;0
100;5;02;046;73;3933;900;4;0
100;5;07;054;67;2995;800;4;0
100;5;04;046;99;5538;800;4;0
100;5;05;050;78;2846;800;4;0
100;5;03;050;72;3301;900;4;0
100;5;10;052;51;2175;1000;5;0
100;5;06;050;203;11365;900;4;0
100;5;02;048;124;5953;900;4;0
100;5;07;056;189;8484;1000;5;0
100;5;05;052;145;7557;800;4;0
100;5;04;048;296;18123;900;4;0
100;5;03;052;244;13087;800;4;0
100;5;06;052;65;2595;1000;5;0
100;5;10;054;48;2250;900;4;0
100;5;07;058;163;10467;800;4;0
100;5;02;050;60;2800;1000;5;0
100;5;03;054;242;13018;900;4;0
100;5;05;054;56;2061;1000;5;0
100;5;07;060;49;1768;900;4;0
100;5;06;054;326;17648;800;4;0
100;5;04;050;163;10967;900;4;0
100;5;02;052;112;6224;1000;5;0
100;5;03;056;60;2179;900;4;0
100;5;10;056;69;3461;800;4;0
100;5;05;056;73;3109;800;4;0
100;5;06;056;61;2680;1000;5;0
100;5;02;054;57;2650;900;4;0
100;5;04;052;182;9435;800;4;0
100;7;04;042;67;2581;600;3;0
100;5;03;058;55;2021;1000;5;0
100;5;10;058;98;5156;800;4;0
100;5;05;058;85;3607;800;4;0
100;5;06;058;326;17825;800;4;0
100;5;03;060;480;16801;900;4;0
100;7;04;044;56;2288;600;3;0
100;5;02;056;81;4344;1000;5;0
100;5;04;054;196;14210;800;4;0
100;7;04;046;72;2552;600;3;0
100;7;01;042;101;3792;600;3;0
100;5;10;060;67;3484;800;4;0
100;5;05;060;143;8407;800;4;0
100;5;02;058;75;3519;1000;5;0
100;5;06;060;77;3941;800;4;0
100;7;04;048;61;1825;600;3;0
100;7;01;044;67;1770;600;3;0
100;5;04;056;460;29116;900;4;0
100;5;02;060;70;3263;1000;5;0
100;7;02;042;89;3739;600;3;0
100;7;03;042;73;2757;600;3;0
100;7;01;046;53;1394;700;3;0
100;7;04;050;66;1950;600;3;0
100;5;08;042;123;7161;1000;5;0
100;5;04;058;59;2353;1100;5;0
100;7;01;048;68;1826;600;3;0
100;7;03;044;63;2004;600;3;0
100;7;04;052;69;2367;600;3;0
100;5;09;042;65;3140;800;4;0
100;7;02;044;167;6731;600;3;0
100;7;01;050;72;2254;600;3;0
100;5;08;044;182;12165;800;4;0
100;7;03;046;59;1922;600;3;0
100;5;04;060;287;21411;800;4;0
100;5;09;044;366;14584;800;4;0
100;5;08;046;283;9633;900;4;0
100;7;04;054;65;2018;600;3;0
100;7;02;046;71;2402;600;3;0
100;7;01;052;69;2548;700;3;0
100;7;10;042;55;2049;600;3;0
100;7;03;048;55;1585;600;3;0
100;5;08;048;102;3932;800;4;0
100;7;02;048;79;2896;600;3;0
100;7;04;056;67;2149;600;3;0
100;5;09;046;79;4127;800;4;0
100;7;01;054;82;2872;600;3;0
100;7;03;050;52;1705;600;3;0
100;7;10;044;70;3113;600;3;0
100;7;04;058;94;3052;600;3;0
100;7;02;050;57;1847;600;3;0
100;7;03;052;55;1997;600;3;0
100;5;08;050;187;11041;900;4;0
100;7;01;056;75;2734;600;3;0
100;7;10;046;40;1318;600;3;0
100;5;09;048;77;4516;800;4;0
100;7;01;058;317;17342;600;3;0
100;7;04;060;63;2112;600;3;0
100;7;03;054;66;2360;600;3;0
100;7;02;052;71;3001;600;3;0
100;5;08;052;199;12156;1000;5;0
100;7;10;048;49;1919;600;3;0
100;7;01;060;61;2025;600;3;0
100;5;09;050;57;2771;1000;5;0
100;9;10;042;62;1748;400;2;0
100;7;03;056;54;1739;600;3;0
100;7;10;050;59;2446;600;3;0
100;5;08;054;120;6461;1000;5;0
100;7;02;054;73;2482;600;3;0
100;7;07;042;58;1836;700;3;0
100;9;10;044;56;1286;400;2;0
100;5;09;052;104;5820;800;4;0
100;7;03;058;59;2199;600;3;0
100;5;08;056;196;9046;800;4;0
100;9;10;046;63;1478;400;2;0
100;7;10;052;77;3521;600;3;0
100;7;02;056;67;2148;600;3;0
100;7;07;044;65;2451;600;3;0
100;7;03;060;61;2347;600;3;0
100;5;09;054;107;4986;1000;5;0
100;5;08;058;165;6401;1000;5;0
100;7;10;054;70;2513;600;3;0
100;9;10;048;65;2221;400;2;0
100;7;07;046;58;1808;600;3;0
100;9;01;042;64;1886;400;2;0
100;7;02;058;51;1665;600;3;0
100;7;10;056;121;4343;600;3;0
100;5;09;056;60;2681;1000;5;0
100;9;10;050;64;1910;400;2;0
100;5;08;060;57;2634;1100;5;0
100;7;07;048;55;1758;600;3;0
100;7;02;060;78;2917;600;3;0
100;9;01;044;63;1596;400;2;0
100;7;05;042;112;4194;600;3;0
100;9;10;052;64;1657;400;2;0
100;7;10;058;52;2326;600;3;0
100;9;01;046;70;2015;400;2;0
100;5;09;058;266;15681;900;4;0
100;7;09;042;61;1961;600;3;0
100;7;05;044;59;1868;700;3;0
100;7;07;050;133;5293;600;3;0
100;9;10;054;49;1598;400;2;0
100;9;01;048;50;1383;400;2;0
100;7;09;044;104;3676;600;3;0
100;7;10;060;72;2782;600;3;0
100;9;10;056;67;1663;400;2;0
100;7;05;046;409;21752;600;3;0
100;7;07;052;63;2217;600;3;0
100;5;09;060;57;2394;1000;5;0
100;7;08;042;147;4431;600;3;0
100;7;05;048;62;1756;600;3;0
100;9;01;050;56;1531;400;2;0
100;9;10;058;61;1691;400;2;0
100;7;08;044;184;4620;600;3;0
100;7;09;046;82;3468;600;3;0
100;7;05;050;69;2099;600;3;0
100;7;07;054;65;2429;600;3;0
100;9;10;060;58;1678;400;2;0
100;7;06;042;88;3358;600;3;0
100;9;01;052;72;2002;400;2;0
100;7;09;048;80;3060;600;3;0
100;9;01;054;60;1326;400;2;0
100;7;07;056;70;2361;600;3;0
100;9;08;042;62;1886;400;2;0
100;7;08;046;107;4976;600;3;0
100;7;06;044;67;2547;600;3;0
100;7;05;052;94;4282;600;3;0
100;9;01;056;53;1324;400;2;0
100;7;09;050;59;2103;600;3;0
100;7;06;046;64;2198;600;3;0
100;9;08;044;60;2058;400;2;0
100;7;07;058;69;2617;600;3;0
100;9;01;058;59;1504;400;2;0
100;7;08;048;59;2391;600;3;0
100;7;05;054;62;1859;600;3;0
100;7;09;052;93;4587;600;3;0
100;9;01;060;45;1063;400;2;0
100;9;08;046;70;1831;400;2;0
100;7;06;048;138;5278;600;3;0
100;7;05;056;68;2325;600;3;0
100;7;07;060;93;4013;600;3;0
100;7;08;050;62;2113;600;3;0
100;9;08;048;61;1847;400;2;0
100;7;06;050;112;4791;600;3;0
100;9;07;042;72;1948;400;2;0
100;7;09;054;72;2482;600;3;0
100;7;05;058;70;2418;600;3;0
100;9;04;042;55;1461;400;2;0
100;9;07;044;59;1744;400;2;0
100;7;05;060;116;3259;600;3;0
100;9;04;044;59;1444;400;2;0
100;7;06;052;155;4667;600;3;0
100;7;08;052;75;3135;600;3;0
100;9;08;050;60;1740;400;2;0
100;9;04;046;69;1569;400;2;0
100;7;09;056;78;3215;600;3;0
100;9;07;046;74;2049;400;2;0
100;9;02;042;62;1591;400;2;0
100;7;06;054;65;2838;600;3;0
100;7;08;054;132;7211;600;3;0
100;9;08;052;83;2741;400;2;0
100;9;07;048;56;1430;400;2;0
100;9;04;048;65;1965;400;2;0
100;9;02;044;51;1393;400;2;0
100;7;06;056;150;7146;600;3;0
100;7;09;058;70;2482;600;3;0
100;9;08;054;68;2019;400;2;0
100;9;04;050;72;2239;400;2;0
100;7;08;056;67;2293;600;3;0
100;9;07;050;62;1699;400;2;0
100;7;06;058;77;2516;600;3;0
100;9;02;046;64;1529;400;2;0
100;9;04;052;74;1892;400;2;0
100;7;09;060;405;17526;600;3;0
100;9;08;056;52;1485;400;2;0
100;7;08;058;107;4163;600;3;0
100;9;07;052;60;1863;400;2;0
100;9;02;048;54;1489;400;2;0
100;9;04;054;77;2105;400;2;0
100;9;06;042;68;1928;400;2;0
100;7;06;060;70;2546;600;3;0
100;9;07;054;53;1282;400;2;0
100;7;08;060;65;2486;600;3;0
100;9;08;058;67;2118;400;2;0
100;9;04;056;54;1257;400;2;0
100;9;02;050;61;1808;400;2;0
100;9;06;044;67;1929;400;2;0
100;9;07;056;57;1282;400;2;0
100;9;05;042;63;1826;400;2;0
100;9;03;042;69;2125;400;2;0
100;9;06;046;55;1393;400;2;0
100;9;02;052;59;1457;400;2;0
100;9;08;060;58;1878;400;2;0
100;9;04;058;68;1747;400;2;0
040;1;05;042;26;597;3200;12;0
100;9;05;044;56;1483;400;2;0
100;9;07;058;83;2482;400;2;0
100;9;02;054;70;1640;400;2;0
100;9;03;044;53;1456;400;2;0
100;9;06;048;60;1679;400;2;0
100;9;04;060;77;2396;400;2;0
040;1;05;044;16;356;3200;12;0
100;9;05;046;57;1603;400;2;0
040;1;10;042;14;288;2800;10;0
100;9;07;060;67;1734;400;2;0
040;1;05;046;20;434;3200;12;0
100;9;06;050;68;1844;400;2;0
100;9;02;056;67;1516;400;2;0
100;9;03;046;79;2562;400;2;0
040;1;10;044;65;1364;2800;10;0
040;1;04;042;11;236;2600;11;0
100;9;05;048;61;1632;400;2;0
040;1;05;048;15;336;3200;12;0
040;1;04;044;9;205;2600;10;0
040;1;10;046;126;2531;2800;10;0
100;9;06;052;63;1915;400;2;0
040;1;05;050;10;238;3200;12;0
100;9;03;048;66;2076;400;2;0
100;9;02;058;54;1544;400;2;0
040;1;04;046;7;136;2700;10;0
040;1;10;048;16;340;2600;10;0
100;9;05;050;57;1676;400;2;0
040;1;05;052;25;522;3200;12;0
100;9;06;054;67;1815;400;2;0
040;1;04;048;9;177;2700;11;0
040;1;10;050;18;394;2800;10;0
100;9;02;060;68;1930;400;2;0
040;1;05;054;26;548;3200;12;0
040;1;04;050;11;205;2700;11;0
100;9;03;050;65;2104;400;2;0
040;1;10;052;20;418;2800;10;0
100;9;05;052;48;1273;400;2;0
040;1;05;056;16;346;3200;12;0
100;9;06;056;78;2209;400;2;0
040;1;04;052;10;212;2700;11;0
040;1;10;054;27;569;3000;11;0
100;9;09;042;58;1623;400;2;0
100;9;03;052;51;1139;400;2;0
040;1;05;058;22;471;3200;12;0
040;1;04;054;15;341;2600;11;0
100;9;06;058;73;1750;400;2;0
040;1;10;056;30;628;2800;11;0
100;9;05;054;59;1865;400;2;0
040;1;05;060;13;306;3200;13;0
040;1;04;056;10;216;2700;11;0
040;1;10;058;23;459;2600;10;0
100;9;09;044;44;1082;400;2;0
100;9;06;060;66;1751;400;2;0
040;3;02;042;9;180;1400;6;0
040;1;04;058;13;265;2600;10;0
040;1;10;060;21;453;2600;10;0
100;9;03;054;61;1943;400;2;0
100;9;05;056;88;2550;400;2;0
040;3;02;044;58;1172;1400;6;0
040;1;03;042;20;413;2300;9;0
040;1;04;060;8;173;2700;11;0
040;1;08;042;8;181;3000;10;0
100;9;05;058;66;2057;400;2;0
100;9;09;046;105;3063;400;2;0
040;3;02;046;10;226;1300;5;0
040;1;03;044;40;770;2400;10;0
040;3;10;042;52;1139;1100;5;0
100;9;03;056;54;1446;400;2;0
040;1;08;044;20;397;2900;11;0
040;1;03;046;11;240;2500;10;0
040;3;02;048;11;247;1200;5;0
040;3;10;044;10;228;1100;5;0
040;1;08;046;61;1198;2900;11;0
100;9;05;060;57;1622;400;2;0
040;1;03;048;21;446;2500;10;0
040;3;02;050;8;173;1300;5;0
100;9;09;048;67;1860;400;2;0
040;1;08;048;61;1183;2900;11;0
040;3;10;046;19;398;1300;5;0
040;1;02;042;16;355;3500;12;0
100;9;03;058;71;2177;400;2;0
040;1;03;050;12;253;2400;10;0
040;3;02;052;27;592;1200;5;0
040;3;10;048;12;278;1100;5;0
040;1;08;050;18;389;2900;11;0
040;1;02;044;13;297;3600;11;0
040;1;03;052;29;575;2400;10;0
100;9;09;050;57;1454;400;2;0
040;3;02;054;13;284;1200;5;0
040;3;10;050;49;1006;1100;5;0
040;1;08;052;14;299;2900;11;0
040;1;02;046;53;1105;3500;12;0
040;1;03;054;29;563;2700;11;0
100;9;03;060;60;1785;400;2;0
040;3;10;052;15;311;1300;5;0
040;1;08;054;12;233;2900;11;0
040;3;02;056;17;402;1200;5;0
040;1;02;048;57;1167;3600;11;0
040;1;03;056;9;201;2400;10;0
040;1;01;042;30;621;3400;14;0
040;3;10;054;15;316;1100;5;0
100;9;09;052;75;2505;400;2;0
040;1;08;056;30;627;2900;11;0
040;3;02;058;48;1011;1200;5;0
040;1;02;050;21;431;3500;12;0
040;1;03;058;15;292;2300;9;0
040;1;01;044;12;265;3400;13;0
040;3;10;056;18;347;1300;5;0
040;1;08;058;19;374;3000;10;0
040;3;02;060;17;346;1300;5;0
040;1;02;052;12;248;3700;12;0
100;9;09;054;66;2014;400;2;0
040;1;01;046;20;426;3400;14;0
040;1;03;060;163;3512;2300;9;0
040;1;08;060;18;350;3000;10;0
040;3;10;058;14;318;1400;6;0
040;3;09;042;7;146;1000;4;0
040;1;02;054;33;717;3600;11;0
040;1;01;048;21;471;3400;13;0
040;3;05;042;11;238;1400;6;0
040;3;10;060;135;2554;1100;5;0
040;3;01;042;19;413;1000;5;0
040;3;09;044;12;271;1200;5;0
100;9;09;056;73;1994;400;2;0
040;1;02;056;19;425;3600;11;0
040;1;01;050;24;545;3400;13;0
040;3;08;042;17;391;1000;5;0
040;3;05;044;52;1080;1300;6;0
040;3;09;046;9;191;1200;5;0
040;3;01;044;21;487;1000;5;0
040;1;02;058;37;786;3500;11;0
040;1;01;052;18;358;3400;13;0
040;3;05;046;19;406;1300;6;0
040;3;08;044;13;270;1000;5;0
040;3;09;048;23;481;1000;4;0
100;9;09;058;64;2006;400;2;0
040;3;01;046;34;755;1000;5;0
040;1;02;060;16;352;3600;11;0
040;1;01;054;6;134;3600;13;0
040;3;05;048;92;1773;1300;4;0
040;3;08;046;11;251;1200;5;0
040;3;09;050;14;284;1000;4;0
040;3;01;048;14;293;1000;5;0
040;1;09;042;21;446;2800;11;0
040;1;01;056;21;449;3400;13;0
040;3;08;048;356;6923;1000;5;0
040;3;05;050;81;1721;1300;5;0
040;3;09;052;7;163;1300;5;0
040;3;01;050;21;459;1000;5;0
100;9;09;060;64;1951;400;2;0
040;1;09;044;29;602;2800;11;0
040;1;01;058;118;2436;3400;13;0
040;3;08;050;9;198;1000;5;0
040;3;05;052;14;281;1200;5;0
040;3;09;054;5;110;1200;5;0
040;3;01;052;221;4328;1000;5;0
040;1;06;042;16;371;3300;12;0
040;1;09;046;39;839;2800;12;0
040;1;01;060;11;245;3400;13;0
040;3;08;052;39;786;1000;5;0
040;3;05;054;16;321;1300;5;0
040;3;09;056;8;168;1000;4;0
040;3;01;054;16;345;1000;5;0
040;1;07;042;16;354;3200;12;0
040;1;09;048;17;376;2900;12;0
040;3;08;054;314;6064;1000;5;0
040;1;06;044;18;397;3400;12;0
040;3;09;058;7;156;1000;4;0
040;3;05;056;14;294;1200;5;0
040;3;01;056;10;220;1000;5;0
040;1;07;044;14;319;3200;12;0
040;3;08;056;16;340;1000;5;0
040;1;09;050;10;226;2800;12;0
040;1;06;046;50;1166;3300;12;0
040;3;05;058;23;507;1300;5;0
040;3;09;060;11;243;1200;5;0
040;3;01;058;61;1219;1000;5;0
040;3;08;058;82;1640;1000;5;0
040;1;07;046;11;246;3200;12;0
040;1;09;052;31;646;2800;12;0
040;3;05;060;27;555;1200;5;0
040;1;06;048;34;787;3500;12;0
040;5;06;042;174;4208;700;3;0
040;3;08;060;184;3851;1000;5;0
040;1;07;048;15;355;3300;13;0
040;3;01;060;16;361;1000;5;0
040;1;09;054;15;339;2800;11;0
040;5;02;042;21;441;600;3;0
040;1;06;050;12;269;3300;12;0
040;5;06;044;12;270;700;3;0
040;1;07;050;20;421;3200;12;0
040;5;05;042;197;5229;600;3;0
040;1;09;056;215;4271;2800;11;0
040;3;07;042;13;305;1200;4;0
040;5;02;044;10;213;800;4;0
040;1;06;052;94;2042;3400;12;0
040;5;05;044;7;145;800;3;0
040;1;07;052;114;2341;3300;13;0
040;1;09;058;14;306;3000;12;0
040;3;07;044;8;179;1300;5;0
040;5;06;046;11;247;700;3;0
040;5;02;046;7;157;800;4;0
040;1;06;054;15;320;3300;12;0
040;5;05;046;17;370;1000;3;0
040;1;07;054;12;268;3200;12;0
040;1;09;060;41;818;2800;11;0
040;5;06;048;11;250;900;4;0
040;3;07;046;9;197;1300;5;0
040;5;02;048;27;582;600;3;0
040;1;06;056;29;676;3400;12;0
040;1;07;056;28;590;3200;12;0
040;5;05;048;23;496;600;3;0
040;5;02;050;14;297;600;3;0
040;3;06;042;7;166;1100;5;0
040;5;06;050;13;301;700;3;0
040;3;07;048;21;479;1200;5;0
040;1;06;058;13;320;3400;12;0
040;1;07;058;32;730;3200;12;0
040;5;02;052;17;323;600;3;0
040;5;05;050;13;267;700;3;0
040;3;06;044;16;349;1100;5;0
040;5;06;052;222;4480;800;4;0
040;3;07;050;21;466;1400;5;0
040;1;06;060;23;515;3300;11;0
040;1;07;060;24;561;3200;12;0
040;5;02;054;21;438;600;3;0
040;5;05;052;18;348;600;3;0
040;3;07;052;30;642;1300;5;0
040;5;06;054;10;222;700;3;0
040;3;06;046;7;154;1100;5;0
040;3;03;042;10;218;1100;5;0
040;3;04;042;9;209;800;4;0
040;5;05;054;12;266;800;4;0
040;5;02;056;14;297;600;3;0
040;3;06;048;185;3611;1100;5;0
040;5;06;056;17;413;800;3;0
040;3;07;054;12;279;1300;6;0
040;3;03;044;23;443;1000;5;0
040;3;04;044;14;295;800;4;0
040;5;02;058;29;536;600;3;0
040;5;05;056;17;408;600;3;0
040;3;06;050;11;243;1200;5;0
040;5;06;058;22;431;700;3;0
040;3;07;056;15;345;1200;5;0
040;3;03;046;13;288;1100;5;0
040;3;04;046;12;264;800;4;0
040;5;05;058;222;4583;800;4;0
040;5;02;060;16;335;600;3;0
040;3;06;052;40;819;1100;5;0
040;5;06;060;12;229;900;4;0
040;3;03;048;12;258;1000;5;0
040;3;07;058;30;595;1300;5;0
040;5;05;060;407;7905;600;3;0
040;3;04;048;18;421;800;4;0
040;5;09;042;159;3083;600;3;0
040;3;06;054;9;189;1100;5;0
040;7;03;042;16;334;400;2;0
040;3;03;050;400;9263;1000;5;0
040;3;07;060;12;287;1200;4;0
040;5;09;044;18;417;600;3;0
040;7;02;042;263;5731;400;2;0
040;7;03;044;28;523;400;2;0
040;3;04;050;13;289;800;4;0
040;3;06;056;83;1639;1100;5;0
040;3;03;052;305;5626;1000;5;0
040;5;04;042;12;231;800;4;0
040;5;09;046;17;337;700;3;0
040;3;04;052;11;239;800;4;0
040;7;03;046;103;2316;500;2;0
040;7;02;044;12;247;600;3;0
040;3;06;058;41;877;1100;5;0
040;3;03;054;201;4213;1000;5;0
040;5;04;044;13;304;800;4;0
040;5;09;048;29;571;800;4;0
040;3;04;054;14;308;1000;5;0
040;7;02;046;12;262;400;2;0
040;3;06;060;58;1211;1100;5;0
040;3;03;056;35;739;1200;5;0
040;7;03;048;14;290;500;2;0
040;5;09;050;17;339;600;3;0
040;5;04;046;19;436;700;3;0
040;3;04;056;10;213;1100;5;0
040;5;03;042;27;517;800;4;0
040;3;03;058;14;320;1000;5;0
040;7;02;048;14;305;500;2;0
040;5;09;052;19;408;800;4;0
040;5;04;048;8;157;800;4;0
040;7;03;050;14;283;500;2;0
040;3;03;060;16;322;1000;5;0
040;3;04;058;10;224;1100;5;0
040;7;02;050;200;3739;500;2;0
040;5;03;044;121;2308;800;4;0
040;5;09;054;17;364;600;3;0
040;7;03;052;85;1655;400;2;0
040;5;04;050;27;686;700;3;0
040;5;01;042;44;817;700;3;0
040;7;02;052;99;2133;500;2;0
040;3;04;060;16;356;800;4;0
040;5;03;046;15;310;800;4;0
040;5;09;056;23;464;800;4;0
040;7;03;054;468;10350;400;2;0
040;5;01;044;22;388;800;4;0
040;5;10;042;11;231;700;3;0
040;5;04;052;19;453;700;3;0
040;7;02;054;18;379;500;2;0
040;5;03;048;17;319;800;4;0
040;5;09;058;22;429;600;3;0
040;5;01;046;20;388;700;3;0
040;5;10;044;83;1411;700;3;0
040;5;04;054;266;5146;700;3;0
040;7;02;056;185;4261;400;2;0
040;7;03;056;36;683;500;2;0
040;5;03;050;15;297;800;4;0
040;5;09;060;17;337;600;3;0
040;5;01;048;12;249;800;4;0
040;5;10;046;454;9625;700;3;0
040;5;04;056;9;184;800;4;0
040;7;03;058;19;390;400;2;0
040;7;02;058;16;362;600;3;0
040;5;03;052;21;424;800;4;0
040;7;06;042;12;244;600;3;0
040;5;01;050;25;502;700;3;0
040;5;10;048;11;214;800;3;0
040;5;04;058;11;237;700;3;0
040;7;03;060;179;3220;400;2;0
040;5;03;054;16;353;800;4;0
040;7;06;044;18;409;600;3;0
040;7;02;060;109;2082;400;2;0
040;5;01;052;16;352;800;4;0
040;5;10;050;21;390;900;4;0
040;5;04;060;10;197;800;4;0
040;9;01;042;11;213;400;2;0
040;5;03;056;13;273;800;4;0
040;7;09;042;129;2487;500;2;0
040;7;06;046;18;392;400;2;0
040;5;01;054;23;455;700;3;0
040;5;10;052;15;319;800;4;0
040;7;10;042;17;348;500;2;0
040;5;03;058;14;325;1000;4;0
040;9;01;044;14;295;400;2;0
040;7;09;044;11;211;600;3;0
040;7;06;048;327;5948;400;2;0
040;5;10;054;23;453;700;3;0
040;5;01;056;17;318;700;3;0
040;7;10;044;16;322;500;2;0
040;7;09;046;14;265;600;3;0
040;9;01;046;14;264;400;2;0
040;7;06;050;13;271;600;3;0
040;5;03;060;14;310;800;4;0
040;5;01;058;144;2512;700;3;0
040;7;10;046;99;1863;500;2;0
040;5;10;056;16;377;800;4;0
040;7;09;048;12;229;600;3;0
040;9;01;048;15;275;400;2;0
040;7;01;042;13;263;400;2;0
040;7;06;052;19;394;400;2;0
040;5;10;058;125;2125;700;3;0
040;5;01;060;130;2806;700;3;0
040;7;10;048;478;10258;500;2;0
040;7;09;050;301;5005;500;2;0
040;9;01;050;17;310;400;2;0
040;7;01;044;12;238;400;2;0
040;5;10;060;280;5984;700;3;0
040;7;06;054;42;871;400;2;0
040;5;07;042;21;430;600;3;0
040;7;10;050;10;193;600;3;0
040;5;07;044;45;846;700;3;0
040;7;09;052;15;300;600;3;0
040;7;01;046;15;283;400;2;0
040;9;01;052;16;311;400;2;0
040;7;06;056;128;2755;400;2;0
040;5;08;042;417;9822;700;3;0
040;7;10;052;14;273;600;3;0
040;7;09;054;289;5939;500;2;0
040;5;08;044;18;368;800;4;0
040;5;07;046;431;10118;700;3;0
040;7;01;048;141;2865;400;2;0
040;9;01;054;13;257;400;2;0
040;7;10;054;23;442;500;2;0
040;7;06;058;13;260;600;2;0
040;7;09;056;14;278;600;3;0
040;5;07;048;11;224;800;4;0
040;7;01;050;39;848;400;2;0
040;7;10;056;11;225;600;3;0
040;5;08;046;24;501;800;4;0
040;7;06;060;15;318;400;2;0
040;9;01;056;12;223;400;2;0
040;7;09;058;15;314;600;3;0
040;5;07;050;13;279;800;3;0
040;9;03;042;15;283;400;2;0
040;7;01;052;18;347;400;2;0
040;5;08;048;141;2768;700;3;0
040;7;10;058;359;7299;500;2;0
040;9;01;058;15;300;400;2;0
040;7;09;060;329;5648;500;2;0
040;7;10;060;11;215;600;3;0
040;7;01;054;18;375;400;2;0
040;9;03;044;11;209;400;2;0
040;9;01;060;16;310;400;2;0
040;5;07;052;12;219;700;3;0
040;5;08;050;40;951;800;4;0
040;9;06;042;12;222;400;2;0
040;7;08;042;59;1152;500;2;0
040;9;03;046;12;237;400;2;0
040;7;01;056;84;1858;400;2;0
040;9;07;042;13;212;400;2;0
040;5;07;054;141;3194;700;3;0
040;5;08;052;19;405;700;3;0
040;9;06;044;12;226;400;2;0
040;7;08;044;138;2676;500;2;0
040;9;03;048;14;267;400;2;0
040;9;07;044;12;223;400;2;0
040;5;07;056;12;238;800;4;0
040;7;01;058;267;6040;400;2;0
040;5;08;054;29;694;800;4;0
040;9;06;046;13;253;400;2;0
040;9;03;050;13;236;400;2;0
040;7;08;046;17;325;600;3;0
040;9;07;046;11;205;400;2;0
040;5;07;058;18;372;600;3;0
040;7;01;060;15;269;600;3;0
040;5;08;056;10;199;900;4;0
040;9;06;048;13;252;400;2;0
040;9;03;052;13;239;400;2;0
040;7;08;048;12;233;600;3;0
040;9;07;048;14;266;400;2;0
040;7;07;042;10;176;600;3;0
040;5;07;060;17;319;600;3;0
040;5;08;058;92;1841;700;3;0
040;9;03;054;15;291;400;2;0
040;7;08;050;12;241;600;3;0
040;9;07;050;14;270;400;2;0
040;7;07;044;8;152;600;3;0
040;9;06;050;11;208;400;2;0
040;7;04;042;9;186;600;3;0
040;5;08;060;19;381;700;3;0
040;9;03;056;12;218;400;2;0
040;7;08;052;20;417;500;2;0
040;7;07;046;14;262;600;3;0
040;9;06;052;16;280;400;2;0
040;9;07;052;15;281;400;2;0
040;7;04;044;10;202;600;3;0
040;7;08;054;86;1539;500;2;0
040;7;05;042;14;279;400;2;0
040;9;03;058;16;304;400;2;0
040;7;07;048;13;252;600;3;0
040;9;07;054;11;219;400;2;0
040;9;06;054;12;234;400;2;0
040;7;04;046;11;233;600;3;0
040;7;08;056;344;6287;500;2;0
040;9;03;060;10;173;400;2;0
040;7;07;050;14;279;600;3;0
040;7;05;044;16;340;400;2;0
040;9;07;056;10;166;400;2;0
040;9;06;056;10;188;400;2;0
040;7;04;048;11;225;600;3;0
040;7;08;058;24;477;500;2;0
040;7;07;052;12;215;600;3;0
040;9;07;058;12;235;400;2;0
040;9;06;058;13;255;400;2;0
040;7;05;046;16;334;400;2;0
060;1;01;042;60;1707;3000;12;0
040;7;04;050;11;223;600;3;0
040;7;08;060;17;334;500;2;0
040;7;07;054;10;186;600;3;0
040;9;07;060;13;242;400;2;0
040;9;06;060;15;279;400;2;0
040;7;05;048;27;568;400;2;0
040;7;04;052;14;245;600;3;0
040;9;05;042;11;208;400;2;0
040;7;07;056;15;290;600;3;0
060;1;01;044;60;1719;3000;12;0
040;7;04;054;8;157;600;3;0
060;1;04;042;197;5926;3200;12;0
040;9;05;044;11;207;400;2;0
060;1;03;042;27;764;2700;10;0
040;7;07;058;18;395;600;3;0
040;7;05;050;20;405;400;2;0
060;1;01;046;58;1590;3200;12;0
040;9;05;046;13;222;400;2;0
040;7;04;056;14;283;600;3;0
040;7;07;060;15;285;600;3;0
060;1;04;044;90;2565;3400;13;0
060;1;03;044;248;6503;3100;12;0
040;7;05;052;13;273;400;2;0
040;9;05;048;12;208;400;2;0
040;7;04;058;11;214;600;3;0
060;1;01;048;48;1350;3000;12;0
040;9;04;042;11;200;400;2;0
060;1;04;046;258;6733;3000;13;0
040;7;05;054;13;277;400;2;0
060;1;03;046;448;12238;2700;10;0
040;7;04;060;10;203;600;3;0
040;9;05;050;13;238;400;2;0
040;9;04;044;10;189;400;2;0
060;1;01;050;25;728;3000;12;0
040;7;05;056;49;1081;400;2;0
060;1;04;048;62;1544;3000;13;0
040;9;10;042;11;205;400;2;0
040;9;04;046;12;222;400;2;0
040;9;05;052;13;214;400;2;0
060;1;03;048;30;829;2700;10;0
040;7;05;058;13;266;400;2;0
040;9;05;054;8;151;400;2;0
040;9;10;044;10;180;400;2;0
040;9;04;048;13;235;400;2;0
060;1;04;050;110;2792;3000;13;0
060;1;01;052;23;653;3100;12;0
060;1;03;050;212;5885;2800;11;0
040;7;05;060;22;474;400;2;0
040;9;05;056;9;153;400;2;0
040;9;10;046;11;189;400;2;0
040;9;04;050;14;275;400;2;0
060;1;04;052;35;1027;3000;13;0
060;1;01;054;47;1386;3100;12;0
040;9;02;042;12;221;400;2;0
040;9;05;058;12;206;400;2;0
060;1;03;052;39;1039;3000;12;0
040;9;10;048;11;211;400;2;0
040;9;04;052;12;236;400;2;0
060;1;04;054;142;3566;3000;13;0
040;9;02;044;13;241;400;2;0
040;9;05;060;14;269;400;2;0
040;9;10;050;12;237;400;2;0
040;9;04;054;13;254;400;2;0
060;1;01;056;59;1664;3100;13;0
060;1;03;054;30;886;2700;10;0
040;9;02;046;16;301;400;2;0
040;9;10;052;15;275;400;2;0
040;9;04;056;16;277;400;2;0
060;1;04;056;20;540;3000;13;0
060;1;02;042;26;788;3000;11;0
060;1;01;058;20;556;3000;12;0
040;9;02;048;13;220;400;2;0
060;1;03;056;27;812;3200;13;0
040;9;04;058;10;187;400;2;0
040;9;10;054;12;240;400;2;0
060;1;04;058;65;1779;3300;13;0
040;9;02;050;13;227;400;2;0
040;9;10;056;11;184;400;2;0
060;1;01;060;29;805;3000;12;0
040;9;04;060;14;263;400;2;0
060;1;02;044;21;656;2800;11;0
060;1;03;058;444;11968;2700;10;0
040;9;02;052;17;301;400;2;0
060;1;04;060;40;1134;3100;14;0
040;9;10;058;12;210;400;2;0
060;1;02;046;30;868;3000;12;0
060;1;10;042;37;1074;3800;13;0
060;1;07;042;91;2671;2800;11;0
060;1;03;060;30;821;2700;10;0
040;9;02;054;9;171;400;2;0
040;9;10;060;15;289;400;2;0
060;3;10;042;178;4389;1100;5;0
040;9;02;056;19;339;400;2;0
060;1;10;044;13;384;3700;13;0
060;1;02;048;118;3393;2800;11;0
060;1;07;044;31;880;3100;12;0
040;9;08;042;13;240;400;2;0
060;3;01;042;479;16383;1300;6;0
040;9;02;058;14;265;400;2;0
060;3;10;044;315;9331;1300;6;0
040;9;08;044;12;237;400;2;0
060;1;07;046;66;1692;3200;13;0
060;1;10;046;21;585;3400;12;0
060;1;02;050;54;1592;2800;11;0
040;9;02;060;15;272;400;2;0
060;3;01;044;69;1918;1600;6;0
060;3;10;046;36;1025;1300;6;0
040;9;08;046;13;272;400;2;0
040;9;09;042;12;231;400;2;0
060;1;07;048;258;6786;2800;11;0
060;1;10;048;262;7029;3500;11;0
060;1;02;052;30;857;3200;12;0
060;3;01;046;63;1872;1300;6;0
040;9;08;048;13;241;400;2;0
040;9;09;044;13;260;400;2;0
060;3;10;048;41;1120;1300;6;0
060;1;10;050;28;807;3600;13;0
060;1;07;050;77;2053;3300;13;0
040;9;09;046;14;271;400;2;0
040;9;08;050;12;212;400;2;0
060;1;02;054;43;1311;2800;11;0
060;3;01;048;24;638;1400;6;0
060;3;10;050;487;14426;1100;5;0
040;9;09;048;13;246;400;2;0
040;9;08;052;16;303;400;2;0
060;1;10;052;60;1681;3700;14;0
060;1;07;052;42;1159;2800;11;0
060;1;02;056;414;12460;3000;11;0
060;3;01;050;40;1318;1400;6;0
040;9;09;050;11;205;400;2;0
040;9;08;054;12;227;400;2;0
060;3;10;052;25;733;1300;6;0
060;1;07;054;61;1633;2800;11;0
060;1;10;054;39;1122;3600;13;0
040;9;09;052;13;240;400;2;0
060;3;01;052;77;2505;1600;6;0
060;1;02;058;228;6870;3200;13;0
040;9;08;056;11;181;400;2;0
060;3;10;054;142;3613;1400;6;0
040;9;09;054;16;299;400;2;0
060;1;07;056;55;1433;2800;11;0
060;1;10;056;457;11571;3600;13;0
040;9;08;058;14;253;400;2;0
040;9;09;056;14;246;400;2;0
060;3;01;054;49;1623;1500;6;0
060;1;02;060;33;987;2800;11;0
060;3;10;056;55;1522;1300;6;0
060;1;10;058;30;813;3400;13;0
060;1;07;058;345;9173;2800;11;0
040;9;08;060;14;256;400;2;0
040;9;09;058;13;244;400;2;0
060;1;09;042;71;2019;3100;14;0
060;3;10;058;175;4536;1300;6;0
060;1;10;060;35;919;3700;14;0
040;9;09;060;14;254;400;2;0
060;1;07;060;100;2546;2900;11;0
060;3;01;056;29;1011;1500;6;0
060;1;05;042;13;381;3300;12;0
060;3;10;060;303;7966;1300;6;0
060;1;09;044;205;5989;3300;13;0
060;1;08;042;19;502;2900;11;0
060;3;01;058;280;6712;1500;6;0
060;3;04;042;87;2511;1100;5;0
060;1;06;042;45;1493;2700;12;0
060;1;05;044;38;1054;3500;13;0
060;1;08;044;50;1257;2900;11;0
060;1;09;046;81;2255;3400;14;0
060;3;08;042;27;780;1300;6;0
060;3;04;044;21;620;1300;6;0
060;3;01;060;20;549;1600;6;0
060;1;06;044;40;1221;2600;12;0
060;1;05;046;43;1240;3400;14;0
060;1;08;046;14;373;2900;11;0
060;1;09;048;218;5658;3300;14;0
060;3;04;046;55;1716;1100;5;0
060;3;07;042;27;791;1200;6;0
060;3;08;044;49;1580;1300;6;0
060;1;06;046;45;1392;2700;12;0
060;1;05;048;53;1499;3000;11;0
060;1;08;048;28;729;2900;11;0
060;1;09;050;80;2354;3200;13;0
060;3;07;044;28;866;1000;5;0
060;3;04;048;25;769;1100;5;0
060;1;08;050;31;753;2900;11;0
060;3;08;046;31;970;1400;7;0
060;1;06;048;148;4534;2600;12;0
060;1;05;050;27;776;3400;13;0
060;1;09;052;213;5860;3000;13;0
060;1;08;052;34;861;2900;11;0
060;3;07;046;21;647;1200;6;0
060;1;05;052;279;7677;3300;13;0
060;3;04;050;50;1581;1100;5;0
060;1;06;050;27;856;2700;12;0
060;3;08;048;51;1892;1200;6;0
060;1;09;054;94;2433;3300;14;0
060;1;08;054;224;5151;2900;11;0
060;3;07;048;19;591;1000;5;0
060;1;05;054;20;578;3300;12;0
060;3;04;052;21;592;1100;5;0
060;1;06;052;72;2035;2600;12;0
060;1;09;056;491;14454;3200;13;0
060;1;08;056;13;326;2900;11;0
060;3;08;050;223;7311;1300;6;0
060;1;05;056;29;767;3100;12;0
060;1;06;054;427;12213;2600;12;0
060;3;07;050;74;2307;1100;5;0
060;1;08;058;37;903;2900;11;0
060;1;09;058;29;914;3600;15;0
060;3;04;054;43;1483;1100;5;0
060;3;08;052;243;9588;1200;5;0
060;1;05;058;24;679;3400;13;0
060;3;07;052;20;534;1200;6;0
060;1;08;060;23;613;2900;11;0
060;1;06;056;110;3278;2600;12;0
060;1;09;060;46;1168;3000;13;0
060;3;04;056;41;1207;1300;6;0
060;3;08;054;26;797;1400;7;0
060;1;05;060;40;1165;3200;12;0
060;3;06;042;47;1312;1200;6;0
060;1;06;058;50;1434;2600;12;0
060;3;07;054;28;879;1100;5;0
060;3;05;042;75;2519;1100;5;0
060;3;04;058;27;788;1300;6;0
060;3;02;042;69;1756;1200;6;0
060;3;06;044;101;2645;1000;5;0
060;3;07;056;19;514;1200;6;0
060;3;08;056;295;11607;1300;6;0
060;1;06;060;31;935;2600;11;0
060;3;04;060;28;766;1100;5;0
060;3;05;044;24;789;1200;6;0
060;3;02;044;20;523;1500;7;0
060;3;06;046;26;788;1200;6;0
060;3;07;058;36;1285;1200;5;0
060;3;03;042;36;1170;1200;5;0
060;5;10;042;27;752;800;4;0
060;3;08;058;286;9687;1300;6;0
060;3;02;046;33;900;1300;6;0
060;3;05;046;25;878;1300;6;0
060;3;06;048;161;4312;1200;6;0
060;3;03;044;19;505;1300;6;0
060;3;07;060;36;1029;1100;5;0
060;3;02;048;52;1417;1300;6;0
060;3;08;060;462;16185;1300;6;0
060;5;10;044;28;811;800;4;0
060;3;05;048;32;1011;1400;6;0
060;3;06;050;51;1414;1000;5;0
060;5;04;042;28;857;800;4;0
060;3;03;046;55;1804;1200;5;0
060;3;02;050;25;691;1500;7;0
060;5;05;042;28;748;900;4;0
060;5;10;046;33;884;600;3;0
060;3;06;052;97;2542;1200;5;0
060;3;03;048;41;1079;1100;5;0
060;3;05;050;24;686;1300;6;0
060;3;02;052;21;634;1400;6;0
060;5;10;048;138;3497;600;3;0
060;3;06;054;31;874;1300;6;0
060;5;04;044;36;1225;800;4;0
060;5;05;044;24;612;800;4;0
060;3;03;050;75;2249;1200;5;0
060;5;10;050;33;831;800;4;0
060;3;05;052;429;17250;1200;6;0
060;5;05;046;447;10652;800;4;0
060;3;02;054;80;2096;1500;7;0
060;3;06;056;44;1487;1600;6;0
060;5;04;046;20;529;800;4;0
060;5;05;048;29;729;800;4;0
060;5;10;052;40;1099;900;4;0
060;3;03;052;40;1361;1100;5;0
060;3;02;056;45;1176;1200;6;0
060;3;06;058;21;649;1200;6;0
060;3;05;054;42;1393;1200;5;0
060;5;04;048;27;844;800;4;0
060;5;05;050;28;760;800;3;0
060;5;10;054;44;1242;800;4;0
060;3;06;060;30;735;1200;6;0
060;3;03;054;232;6730;1100;5;0
060;3;02;058;34;1133;1300;6;0
060;3;05;056;33;932;1400;6;0
060;5;04;050;24;610;800;4;0
060;5;05;052;74;1543;900;4;0
060;3;02;060;54;1466;1200;6;0
060;5;10;056;24;641;900;4;0
060;5;03;042;20;579;800;4;0
060;3;03;056;21;659;1100;5;0
060;5;04;052;25;694;800;4;0
060;5;05;054;31;855;900;4;0
060;3;05;058;175;6998;1100;5;0
060;5;10;058;34;921;800;4;0
060;3;09;042;29;863;1300;6;0
060;3;03;058;34;978;1100;5;0
060;5;05;056;26;583;800;4;0
060;5;03;044;50;1428;800;3;0
060;3;05;060;17;503;1400;6;0
060;5;04;054;38;1051;800;4;0
060;5;10;060;37;1046;800;4;0
060;3;09;044;27;790;1300;6;0
060;5;03;046;20;511;800;4;0
060;3;03;060;208;6895;1100;5;0
060;5;05;058;30;941;800;4;0
060;5;04;056;44;1278;800;4;0
060;5;02;042;40;1173;800;4;0
060;5;03;048;32;927;800;4;0
060;3;09;046;19;530;1500;6;0
060;5;08;042;311;8297;600;3;0
060;5;05;060;47;1399;900;4;0
060;5;01;042;35;1033;800;4;0
060;7;02;042;32;748;500;2;0
060;5;02;044;292;8222;800;4;0
060;5;04;058;24;770;800;4;0
060;5;01;044;30;823;900;4;0
060;3;09;048;219;6684;1100;5;0
060;5;03;050;94;3378;800;4;0
060;5;08;044;40;1279;600;3;0
060;7;02;044;17;405;600;3;0
060;5;02;046;48;1295;800;4;0
060;5;04;060;26;698;800;4;0
060;5;01;046;25;711;800;4;0
060;5;03;052;21;586;800;4;0
060;3;09;050;19;564;1300;5;0
060;5;08;046;31;809;800;4;0
060;7;02;046;167;5399;500;2;0
060;5;02;048;149;4089;800;4;0
060;5;03;054;66;1808;800;4;0
060;7;10;042;252;6597;500;2;0
060;5;01;048;30;808;800;4;0
060;3;09;052;44;1305;1300;6;0
060;5;08;048;26;762;800;4;0
060;5;02;050;30;822;800;4;0
060;5;01;050;21;607;900;4;0
060;7;02;048;25;605;600;3;0
060;5;03;056;206;8721;800;4;0
060;7;10;044;138;4356;500;2;0
060;3;09;054;24;617;1300;6;0
060;5;01;052;21;494;1000;4;0
060;5;02;052;415;12943;700;3;0
060;5;08;050;143;4318;600;3;0
060;7;02;050;44;1170;600;3;0
060;7;10;046;25;590;600;3;0
060;3;09;056;77;1894;1300;6;0
060;5;03;058;28;796;1000;4;0
060;5;01;054;26;719;800;4;0
060;5;02;054;201;5797;700;3;0
060;7;10;048;34;850;600;3;0
060;7;02;052;20;565;600;3;0
060;3;09;058;58;1870;1300;6;0
060;5;08;052;115;3726;600;3;0
060;5;01;056;28;717;800;4;0
060;5;03;060;23;710;800;4;0
060;5;02;056;51;1772;800;4;0
060;5;08;054;22;575;800;4;0
060;3;09;060;81;2816;1300;6;0
060;7;02;054;464;16880;500;2;0
060;7;01;042;19;451;600;3;0
060;7;10;050;26;718;600;3;0
060;5;01;058;167;6969;800;4;0
060;5;06;042;28;868;800;3;0
060;7;01;044;60;1631;400;2;0
060;5;01;060;39;1165;800;4;0
060;5;02;058;30;765;900;4;0
060;7;10;052;310;11561;500;2;0
060;5;08;056;28;784;600;3;0
060;7;02;056;23;597;600;3;0
060;5;02;060;93;2251;800;3;0
060;7;01;046;30;726;400;2;0
060;7;10;054;25;573;600;3;0
060;5;07;042;22;666;800;4;0
060;5;06;044;66;2295;800;4;0
060;7;02;058;23;634;600;3;0
060;5;08;058;126;3547;600;3;0
060;5;09;042;26;598;800;4;0
060;7;10;056;20;550;600;3;0
060;5;07;044;22;607;800;4;0
060;7;01;048;230;7460;400;2;0
060;7;02;060;42;1168;500;2;0
060;5;08;060;30;808;800;4;0
060;5;06;046;27;700;800;4;0
060;7;10;058;23;513;600;3;0
060;7;09;042;20;414;600;3;0
060;5;09;044;96;2967;800;4;0
060;5;07;046;22;547;800;4;0
060;7;01;050;30;739;600;3;0
060;7;05;042;48;1440;600;3;0
060;5;06;048;41;1224;800;4;0
060;7;09;044;25;635;600;3;0
060;5;07;048;24;699;800;4;0
060;7;10;060;168;5543;500;2;0
060;5;09;046;22;622;800;4;0
060;7;05;044;29;725;600;3;0
060;7;01;052;24;581;600;3;0
060;7;09;046;24;510;600;3;0
060;5;06;050;82;2850;800;4;0
060;7;08;042;19;426;600;3;0
060;5;09;048;25;615;800;4;0
060;7;05;046;24;593;600;3;0
060;7;01;054;26;602;400;2;0
060;5;07;050;29;928;800;4;0
060;7;09;048;29;696;600;3;0
060;7;08;044;25;610;600;3;0
060;5;09;050;18;484;800;4;0
060;5;06;052;30;988;800;4;0
060;7;05;048;31;729;600;3;0
060;5;07;052;28;795;800;4;0
060;7;01;056;38;1040;600;3;0
060;7;09;050;27;724;600;3;0
060;7;05;050;22;485;600;3;0
060;5;09;052;32;922;800;4;0
060;5;07;054;58;1904;800;4;0
060;7;08;046;24;575;600;3;0
060;7;09;052;20;447;600;3;0
060;7;01;058;272;8466;400;2;0
060;5;06;054;27;856;800;4;0
060;7;05;052;21;471;600;3;0
060;5;09;054;24;663;800;4;0
060;7;09;054;28;720;600;3;0
060;7;08;048;160;5628;500;2;0
060;7;01;060;28;664;600;3;0
060;5;07;056;22;654;800;4;0
060;7;05;054;26;630;600;3;0
060;5;09;056;103;2177;800;4;0
060;5;06;056;31;975;800;4;0
060;7;09;056;27;650;600;3;0
060;7;07;042;471;14237;400;2;0
060;5;07;058;32;935;800;4;0
060;7;08;050;27;779;500;2;0
060;5;09;058;54;1474;800;4;0
060;7;05;056;23;563;600;3;0
060;7;09;058;22;531;600;3;0
060;5;06;058;37;1036;800;4;0
060;7;07;044;497;14831;400;2;0
060;7;05;058;32;800;600;3;0
060;5;09;060;85;2383;800;4;0
060;5;07;060;44;1407;800;4;0
060;7;08;052;28;844;600;3;0
060;7;09;060;24;516;600;3;0
060;7;06;042;27;574;600;3;0
060;7;08;054;72;1622;600;3;0
060;5;06;060;49;1612;800;4;0
060;7;05;060;25;645;600;3;0
060;7;04;042;23;537;600;3;0
060;7;07;046;33;867;400;2;0
060;9;06;042;20;439;400;2;0
060;7;06;044;32;759;600;3;0
060;9;02;042;24;458;400;2;0
060;7;04;044;22;518;600;3;0
060;7;08;056;28;860;600;3;0
060;9;06;044;39;929;400;2;0
060;7;07;048;32;844;400;2;0
060;7;03;042;193;6829;500;2;0
060;9;02;044;22;450;400;2;0
060;7;06;046;31;779;600;3;0
060;7;04;046;27;609;600;3;0
060;9;06;046;29;624;400;2;0
060;9;02;046;27;518;400;2;0
060;7;06;048;26;576;600;3;0
060;7;08;058;28;744;600;3;0
060;7;07;050;24;583;400;2;0
060;7;04;048;26;542;600;3;0
060;9;06;048;36;775;400;2;0
060;9;02;048;23;453;400;2;0
060;7;03;044;217;8159;500;2;0
060;7;06;050;25;602;600;3;0
060;7;07;052;27;573;600;3;0
060;7;08;060;20;445;600;3;0
060;9;02;050;28;583;400;2;0
060;7;04;050;24;507;600;3;0
060;9;06;050;33;725;400;2;0
060;7;06;052;24;529;600;3;0
060;9;05;042;24;496;400;2;0
060;7;07;054;28;657;600;3;0
060;7;03;046;24;591;600;3;0
060;9;06;052;30;685;400;2;0
060;9;02;052;25;504;400;2;0
060;7;04;052;29;593;600;3;0
060;7;06;054;37;994;600;3;0
060;9;02;054;22;432;400;2;0
060;9;05;044;24;504;400;2;0
060;7;03;048;30;654;600;3;0
060;9;06;054;32;810;400;2;0
060;7;07;056;32;911;400;2;0
060;7;04;054;23;490;600;3;0
060;9;05;046;22;445;400;2;0
060;9;02;056;23;473;400;2;0
060;7;06;056;30;765;600;3;0
060;9;06;056;27;565;400;2;0
060;7;07;058;24;610;600;3;0
060;7;04;056;27;623;600;3;0
060;7;03;050;140;5083;500;2;0
060;7;06;058;26;675;600;3;0
060;9;05;048;24;529;400;2;0
060;9;06;058;29;599;400;2;0
060;9;02;058;26;593;400;2;0
060;7;07;060;26;662;600;3;0
060;7;04;058;24;574;600;3;0
060;9;05;050;22;454;400;2;0
060;7;06;060;28;680;600;3;0
060;9;02;060;27;576;400;2;0
060;9;06;060;28;559;400;2;0
060;7;03;052;261;10522;500;2;0
060;9;04;042;24;499;400;2;0
060;9;03;042;16;319;400;2;0
060;9;05;052;24;485;400;2;0
060;9;09;042;19;390;400;2;0
060;7;04;060;27;637;600;3;0
060;9;04;044;20;397;400;2;0
060;9;03;044;25;550;400;2;0
080;1;03;042;69;2540;3400;13;0
060;9;05;054;24;536;400;2;0
060;7;03;054;80;2000;500;2;0
060;9;09;044;21;437;400;2;0
060;9;04;046;26;517;400;2;0
060;9;10;042;22;451;400;2;0
060;9;03;046;22;473;400;2;0
080;1;03;044;32;1097;3600;14;0
060;9;09;046;28;601;400;2;0
060;9;05;056;25;582;400;2;0
060;9;04;048;20;410;400;2;0
060;9;03;048;26;552;400;2;0
060;9;10;044;21;432;400;2;0
060;7;03;056;30;824;500;2;0
060;9;09;048;21;441;400;2;0
060;9;05;058;21;431;400;2;0
060;9;04;050;23;516;400;2;0
060;9;03;050;27;574;400;2;0
080;1;03;046;43;1434;3500;14;0
060;9;10;046;24;490;400;2;0
060;7;03;058;25;611;600;3;0
060;9;09;050;24;502;400;2;0
060;9;05;060;26;534;400;2;0
060;9;10;048;26;482;400;2;0
060;9;04;052;30;710;400;2;0
060;9;03;052;21;474;400;2;0
080;1;03;048;253;8663;3300;13;0
060;9;09;052;26;524;400;2;0
060;9;04;054;30;663;400;2;0
060;7;03;060;29;739;600;3;0
060;9;10;050;25;530;400;2;0
060;9;03;054;27;605;400;2;0
080;1;02;042;54;2031;3500;15;0
060;9;09;054;25;555;400;2;0
080;1;03;050;111;3838;3300;13;0
060;9;01;042;22;414;400;2;0
060;9;03;056;22;427;400;2;0
060;9;04;056;27;598;400;2;0
060;9;10;052;25;547;400;2;0
080;1;02;044;334;11963;3700;15;0
060;9;09;056;28;563;400;2;0
080;1;03;052;61;1955;3400;13;0
060;9;01;044;26;587;400;2;0
060;9;03;058;26;581;400;2;0
060;9;04;058;23;469;400;2;0
060;9;10;054;24;507;400;2;0
060;9;09;058;25;529;400;2;0
060;9;04;060;24;489;400;2;0
060;9;10;056;22;430;400;2;0
080;1;02;046;44;1548;3500;14;0
080;1;03;054;43;1415;3600;13;0
060;9;01;046;23;511;400;2;0
060;9;03;060;31;653;400;2;0
060;9;10;058;25;506;400;2;0
060;9;09;060;32;601;400;2;0
080;1;03;056;171;5350;3400;14;0
060;9;01;048;22;435;400;2;0
080;1;10;042;178;6632;3000;13;0
080;1;01;042;64;2344;3500;12;0
080;1;02;048;95;3491;3500;15;0
060;9;10;060;22;435;400;2;0
060;9;01;050;20;382;400;2;0
080;1;06;042;127;4395;4100;17;0
080;1;03;058;32;1100;3400;14;0
080;1;10;044;39;1362;3200;14;0
060;9;08;042;22;483;400;2;0
080;1;01;044;96;3283;3700;14;0
080;1;02;050;321;11597;3500;14;0
060;9;01;052;31;678;400;2;0
080;1;06;044;484;18773;3700;14;0
060;9;08;044;21;427;400;2;0
080;1;03;060;157;5062;3200;13;0
080;1;10;046;165;5867;3300;14;0
060;9;01;054;25;517;400;2;0
080;1;02;052;58;2093;3700;14;0
080;1;01;046;46;1839;3300;12;0
060;9;08;046;23;479;400;2;0
060;9;01;056;25;541;400;2;0
080;1;06;046;44;1743;3700;14;0
080;1;10;048;38;1371;3200;13;0
080;1;02;054;63;2266;3600;15;0
080;1;01;048;91;3491;3600;14;0
060;9;08;048;26;575;400;2;0
080;3;01;042;298;16463;1400;6;0
060;9;01;058;22;431;400;2;0
080;1;06;048;101;3568;3600;14;0
080;1;10;050;35;1224;3000;13;0
060;9;08;050;26;568;400;2;0
060;9;01;060;25;509;400;2;0
080;1;01;050;66;2348;3700;14;0
080;1;02;056;127;4790;3500;14;0
080;3;01;044;43;1652;1500;7;0
060;9;08;052;30;663;400;2;0
060;9;07;042;24;517;400;2;0
080;1;06;050;67;2320;3900;15;0
080;1;10;052;42;1607;3400;13;0
080;1;02;058;65;2145;3400;13;0
080;1;01;052;43;1509;3600;14;0
060;9;08;054;25;565;400;2;0
060;9;07;044;26;575;400;2;0
080;3;01;046;61;2158;1300;6;0
080;1;06;052;51;1855;3500;14;0
080;1;10;054;36;1472;3400;14;0
080;1;01;054;47;1747;3600;15;0
060;9;07;046;22;424;400;2;0
060;9;08;056;23;490;400;2;0
080;1;02;060;100;3938;3800;15;0
060;9;07;048;29;593;400;2;0
080;3;01;048;37;1485;1600;6;0
080;1;06;054;32;1197;3500;14;0
060;9;08;058;24;530;400;2;0
080;1;01;056;67;2599;4100;16;0
080;1;10;056;491;20012;3200;15;0
080;1;09;042;47;1804;3500;13;0
060;9;07;050;34;711;400;2;0
060;9;08;060;24;509;400;2;0
080;3;01;050;48;1826;1500;6;0
080;1;06;056;122;4599;3500;14;0
060;9;07;052;22;409;400;2;0
080;1;01;058;321;12062;3700;13;0
080;1;10;058;57;2046;3100;14;0
080;1;09;044;50;1988;3600;12;0
080;1;05;042;487;20513;3100;14;0
060;9;07;054;22;485;400;2;0
080;1;06;058;46;1765;3900;15;0
080;1;10;060;34;1307;3500;14;0
080;1;01;060;43;1630;3500;12;0
080;3;01;052;74;2880;1400;7;0
080;1;09;046;83;3197;3500;13;0
060;9;07;056;25;498;400;2;0
080;1;05;044;495;20195;3700;16;0
080;1;06;060;87;3385;3300;13;0
080;1;08;042;148;5362;3100;13;0
080;1;07;042;225;9207;3600;14;0
060;9;07;058;25;536;400;2;0
080;1;09;048;52;2006;3600;13;0
080;3;01;054;42;2077;1500;6;0
080;1;05;046;155;6441;3300;13;0
060;9;07;060;21;399;400;2;0
080;1;08;044;85;3423;3400;13;0
080;3;03;042;187;8994;1400;7;0
080;1;09;050;52;1879;3600;14;0
080;1;07;044;97;4257;3600;15;0
080;3;01;056;49;2060;1300;6;0
080;1;05;048;33;1347;3400;13;0
080;1;08;046;83;2991;3400;14;0
080;1;04;042;41;1575;3400;13;0
080;1;09;052;58;2143;3900;13;0
080;3;03;044;132;5761;1600;7;0
080;1;07;046;46;1936;3300;13;0
080;1;08;048;61;2036;3400;15;0
080;3;01;058;299;13894;1500;6;0
080;1;04;044;68;2708;3500;14;0
080;1;05;050;30;1286;3200;13;0
080;1;09;054;29;1105;4000;15;0
080;3;03;046;50;1881;1200;6;0
080;1;07;048;33;1279;3300;14;0
080;1;08;050;48;1704;3500;14;0
080;1;05;052;103;4027;3400;15;0
080;1;04;046;230;9855;3500;14;0
080;1;09;056;23;902;3800;14;0
080;3;01;060;210;9773;1500;6;0
080;3;03;048;41;1469;1400;7;0
080;1;08;052;59;2135;3200;14;0
080;1;07;050;85;3663;3200;13;0
080;1;09;058;252;8357;3500;13;0
080;1;05;054;51;2027;3100;14;0
080;1;04;048;61;2420;3600;15;0
080;3;03;050;45;1667;1400;7;0
080;1;08;054;318;10622;3100;14;0
080;3;07;042;47;1660;1300;6;0
080;1;07;052;46;2039;3400;14;0
080;1;09;060;284;11045;3500;13;0
080;1;04;050;46;1764;3500;14;0
080;1;05;056;220;8746;3000;13;0
080;1;08;056;334;11188;3400;14;0
080;3;03;052;34;1066;1500;6;0
080;3;07;044;86;3146;1500;7;0
080;1;07;054;444;18405;3500;14;0
080;1;05;058;111;4163;3900;16;0
080;1;04;052;59;2208;3200;14;0
080;3;03;054;29;975;1700;7;0
080;1;08;058;34;1188;3400;14;0
080;3;06;042;382;18814;1500;7;0
080;1;07;056;22;842;3600;14;0
080;3;07;046;84;3641;1400;7;0
080;1;04;054;109;4203;3600;14;0
080;1;05;060;54;2436;3300;14;0
080;3;03;056;158;5745;1300;6;0
080;1;08;060;75;2890;3400;14;0
080;3;06;044;60;2254;1400;7;0
080;1;07;058;126;5036;3300;14;0
080;3;07;048;69;2822;1400;7;0
080;1;04;056;46;1570;3600;15;0
080;3;03;058;36;1334;1400;7;0
080;3;05;042;61;2241;1300;6;0
080;3;02;042;60;2664;1300;6;0
080;3;06;046;32;1234;1600;7;0
080;3;07;050;55;2018;1400;7;0
080;1;04;058;79;2634;3400;14;0
080;3;03;060;43;1589;1400;7;0
080;1;07;060;47;1908;3400;14;0
080;3;05;044;43;1571;1700;7;0
080;3;02;044;55;2338;1400;7;0
080;3;06;048;41;1712;1500;7;0
080;5;01;042;43;1350;800;4;0
080;1;04;060;366;14232;3500;14;0
080;3;07;052;51;2462;1400;7;0
080;3;04;042;41;1604;1500;7;0
080;3;05;046;38;1412;1300;6;0
080;5;01;044;327;9404;800;4;0
080;3;06;050;26;907;1800;8;0
080;3;02;046;101;5294;1200;6;0
080;3;10;042;61;2155;1400;6;0
080;3;05;048;106;3235;1200;6;0
080;3;07;054;262;10760;1400;6;0
080;3;04;044;68;2795;1400;6;0
080;3;02;048;331;12772;1200;6;0
080;3;10;044;25;886;1600;7;0
080;3;06;052;141;6989;1300;6;0
080;5;01;046;43;1509;800;4;0
080;3;07;056;32;1188;1600;7;0
080;3;05;050;42;1458;1500;7;0
080;3;04;046;476;22107;1300;6;0
080;3;06;054;42;1564;1400;6;0
080;5;01;048;53;2090;800;4;0
080;3;02;050;296;12752;1200;6;0
080;3;10;046;56;2421;1600;6;0
080;3;05;052;188;7241;1200;6;0
080;3;07;058;43;1951;1200;6;0
080;3;06;056;133;4649;1600;7;0
080;5;01;050;125;4663;800;4;0
080;3;04;048;35;1307;1400;7;0
080;3;02;052;148;7335;1300;6;0
080;3;05;054;45;1781;1300;6;0
080;3;10;048;486;26704;1400;5;0
080;3;07;060;39;1573;1500;7;0
080;3;06;058;44;1543;1600;7;0
080;3;02;054;418;12215;1500;7;0
080;3;05;056;71;2457;1400;7;0
080;3;10;050;56;1972;1300;6;0
080;3;04;050;71;3044;1400;7;0
080;5;01;052;64;2314;800;4;0
080;5;04;042;41;1427;1000;4;0
080;3;06;060;63;2546;1500;7;0
080;3;10;052;64;2194;1600;6;0
080;5;01;054;82;2568;800;4;0
080;3;02;056;43;1501;1400;7;0
080;3;05;058;377;18863;1400;6;0
080;3;04;052;37;1570;1500;7;0
080;3;10;054;224;7060;1400;6;0
080;5;01;056;61;2398;800;4;0
080;5;04;044;46;1831;800;4;0
080;3;05;060;38;1259;1400;7;0
080;5;03;042;53;1908;800;4;0
080;3;02;058;55;2250;1500;7;0
080;3;04;054;33;1290;1500;7;0
080;3;10;056;66;2856;1600;7;0
080;5;01;058;430;16503;900;4;0
080;5;04;046;37;1318;1000;4;0
080;5;02;042;48;1835;800;4;0
080;3;04;056;363;14806;1400;7;0
080;3;10;058;90;3342;1600;6;0
080;5;03;044;57;2505;800;4;0
080;5;04;048;40;1471;900;4;0
080;3;02;060;46;1895;1300;6;0
080;3;10;060;50;1848;1400;6;0
080;5;01;060;54;2071;800;4;0
080;5;02;044;49;1758;800;4;0
080;3;09;042;42;1499;1400;7;0
080;5;03;046;76;3388;800;4;0
080;3;04;058;48;2089;1400;7;0
080;5;04;050;49;1704;800;4;0
080;3;08;042;76;2931;1300;6;0
080;5;02;046;484;18824;800;4;0
080;3;04;060;36;1517;1700;7;0
080;5;04;052;281;13371;800;4;0
080;3;09;044;45;1913;1400;7;0
080;5;03;048;50;2183;800;4;0
080;5;07;042;38;1557;800;4;0
080;3;08;044;46;1964;1300;6;0
080;5;10;042;38;1328;1000;5;0
080;5;02;048;45;1935;800;4;0
080;3;09;046;55;2366;1400;7;0
080;5;04;054;68;2760;800;4;0
080;5;03;050;30;948;1000;5;0
080;3;08;046;120;4821;1200;6;0
080;5;10;044;62;2463;800;4;0
080;5;02;050;143;5027;900;4;0
080;5;07;044;45;2123;900;4;0
080;3;09;048;205;8669;1300;6;0
080;5;03;052;35;1253;1000;5;0
080;3;08;048;192;8353;1300;6;0
080;5;04;056;99;4780;800;4;0
080;5;10;046;266;10817;900;4;0
080;3;09;050;34;1370;1200;6;0
080;5;02;052;55;2161;800;4;0
080;5;07;046;90;5113;800;4;0
080;3;08;050;38;1552;1400;7;0
080;5;10;048;498;20474;800;4;0
080;5;04;058;293;13503;800;4;0
080;5;03;054;43;1948;800;4;0
080;3;09;052;67;2454;1200;6;0
080;5;07;048;41;1353;900;4;0
080;5;10;050;51;1695;800;4;0
080;5;02;054;36;1176;800;4;0
080;5;03;056;59;2113;800;4;0
080;3;08;052;35;1377;1400;7;0
080;5;04;060;43;1515;900;4;0
080;3;09;054;473;19428;1300;6;0
080;5;02;056;69;2465;800;4;0
080;5;10;052;43;1578;800;4;0
080;5;07;050;60;2846;800;4;0
080;3;09;056;150;6182;1300;6;0
080;3;08;054;30;1181;1600;7;0
080;7;10;042;38;1209;600;3;0
080;5;03;058;119;6353;800;4;0
080;5;07;052;57;1963;800;4;0
080;5;02;058;44;1689;800;4;0
080;5;10;054;114;4860;900;4;0
080;3;09;058;41;1616;1300;6;0
080;3;08;056;291;12857;1200;6;0
080;5;03;060;44;1603;800;4;0
080;7;10;044;31;1001;600;3;0
080;5;02;060;49;2140;800;4;0
080;7;01;042;47;1468;600;3;0
080;5;10;056;481;27625;800;4;0
080;3;09;060;424;20830;1400;7;0
080;5;07;054;39;1424;800;4;0
080;3;08;058;47;1904;1400;7;0
080;7;10;046;45;1636;600;3;0
080;5;09;042;43;1331;800;4;0
080;5;06;042;50;1510;900;4;0
080;7;01;044;52;1712;600;3;0
080;3;08;060;52;1974;1600;7;0
080;5;10;058;59;2251;900;4;0
080;5;07;056;40;1579;900;4;0
080;7;01;046;36;1047;600;3;0
080;5;09;044;42;1502;900;4;0
080;7;10;048;43;1513;600;3;0
080;5;06;044;44;1547;1000;4;0
080;7;01;048;31;715;600;3;0
080;5;05;042;40;1474;800;4;0
080;5;07;058;65;2723;900;4;0
080;5;10;060;63;2882;800;4;0
080;5;06;046;37;1020;1000;5;0
080;5;09;046;49;2004;800;4;0
080;7;01;050;36;956;600;3;0
080;7;10;050;46;1431;600;3;0
080;5;08;042;52;1667;800;4;0
080;5;05;044;32;1097;800;4;0
080;5;06;048;352;13458;900;4;0
080;7;01;052;41;1264;600;3;0
080;5;07;060;44;1854;800;4;0
080;7;10;052;41;1318;600;3;0
080;5;09;048;53;2148;800;4;0
080;5;06;050;32;962;900;4;0
080;5;05;046;92;3181;800;4;0
080;5;08;044;39;1112;900;4;0
080;7;04;042;109;3401;600;3;0
080;5;06;052;71;2080;800;4;0
080;7;10;054;49;1238;600;3;0
080;7;01;054;38;1187;600;3;0
080;5;05;048;270;11644;800;4;0
080;5;08;046;49;1815;800;4;0
080;5;06;054;48;1479;900;4;0
080;7;10;056;42;1255;600;3;0
080;5;09;050;53;2345;800;4;0
080;5;05;050;55;1762;1000;5;0
080;7;04;044;39;1396;600;3;0
080;5;08;048;49;1632;800;4;0
080;7;01;056;43;1356;600;3;0
080;5;06;056;42;1451;900;4;0
080;7;10;058;39;1367;600;3;0
080;5;05;052;61;2301;800;4;0
080;5;09;052;286;11195;800;4;0
080;5;08;050;51;2127;800;4;0
080;7;01;058;35;1264;600;3;0
080;7;04;046;39;1304;600;3;0
080;5;06;058;44;1646;1000;5;0
080;7;10;060;40;1189;600;3;0
080;5;05;054;45;1492;900;4;0
080;5;08;052;46;1461;800;4;0
080;5;09;054;43;1363;800;4;0
080;5;06;060;31;864;1000;5;0
080;7;01;060;40;1322;600;3;0
080;7;04;048;54;1866;600;3;0
080;7;08;042;59;2021;600;3;0
080;5;05;056;67;2351;800;4;0
080;5;09;056;40;1329;800;4;0
080;5;08;054;37;1112;800;4;0
080;7;03;042;38;1057;600;3;0
080;7;07;042;34;1004;600;3;0
080;7;04;050;63;1988;600;3;0
080;7;08;044;52;1579;600;3;0
080;7;03;044;47;1162;600;3;0
080;5;09;058;33;1421;800;4;0
080;5;08;056;48;1722;800;4;0
080;5;05;058;34;1335;900;4;0
080;7;07;044;51;1585;600;3;0
080;7;08;046;35;877;600;3;0
080;7;03;046;42;1156;600;3;0
080;7;04;052;46;1507;600;3;0
080;7;07;046;66;2506;600;3;0
080;5;09;060;109;5148;800;4;0
080;5;08;058;72;3262;800;4;0
080;5;05;060;34;1156;800;4;0
080;7;08;048;48;1339;600;3;0
080;7;04;054;48;1687;600;3;0
080;7;03;048;45;1370;600;3;0
080;5;08;060;42;1333;800;4;0
080;7;07;048;39;1404;600;3;0
080;7;06;042;49;1486;600;3;0
080;7;02;042;38;1007;600;3;0
080;7;08;050;46;1520;600;3;0
080;7;06;044;35;974;600;3;0
080;7;04;056;44;1498;600;3;0
080;7;03;050;38;1105;600;3;0
080;7;08;052;41;1123;600;3;0
080;7;05;042;80;2349;600;3;0
080;7;02;044;46;1416;600;3;0
080;7;07;050;39;1219;600;3;0
080;7;03;052;37;1053;600;3;0
080;7;06;046;36;1037;600;3;0
080;7;02;046;49;1504;600;3;0
080;7;07;052;33;936;600;3;0
080;7;04;058;42;1187;600;3;0
080;7;05;044;81;3325;600;3;0
080;7;08;054;38;1262;600;3;0
080;7;03;054;49;1365;600;3;0
080;7;05;046;37;1026;600;3;0
080;7;02;048;45;1382;600;3;0
080;7;06;048;45;1556;600;3;0
080;7;07;054;44;1234;600;3;0
080;7;08;056;46;1475;600;3;0
080;7;03;056;53;1524;600;3;0
080;7;04;060;45;1543;600;3;0
080;7;05;048;86;3726;600;3;0
080;7;03;058;36;1041;600;3;0
080;7;06;050;37;1058;600;3;0
080;7;05;050;41;940;600;3;0
080;7;02;050;40;1227;600;3;0
080;7;07;056;34;946;600;3;0
080;9;10;042;33;801;400;2;0
080;7;08;058;38;1216;600;3;0
080;7;05;052;39;1011;600;3;0
080;7;03;060;86;2915;600;3;0
080;7;07;058;37;1026;600;3;0
080;7;06;052;36;1065;600;3;0
080;7;02;052;36;1164;600;3;0
080;9;10;044;40;1037;400;2;0
080;7;05;054;41;1225;600;3;0
080;7;08;060;63;2110;600;3;0
080;7;07;060;43;1298;600;3;0
080;9;01;042;36;901;400;2;0
080;9;10;046;40;996;400;2;0
080;7;02;054;42;1203;600;3;0
080;7;05;056;50;1378;600;3;0
080;7;06;054;42;1443;600;3;0
080;9;04;042;33;811;400;2;0
080;9;10;048;43;925;400;2;0
080;9;01;044;42;1078;400;2;0
080;7;02;056;47;1399;600;3;0
080;9;05;042;38;852;400;2;0
080;9;04;044;44;990;400;2;0
080;9;10;050;38;892;400;2;0
080;7;05;058;45;1269;600;3;0
080;9;01;046;36;928;400;2;0
080;7;06;056;29;680;600;3;0
080;7;02;058;39;1330;600;3;0
080;9;04;046;35;791;400;2;0
080;9;05;044;45;1279;400;2;0
080;7;06;058;40;1303;600;3;0
080;7;05;060;37;1110;600;3;0
080;9;01;048;39;1054;400;2;0
080;9;10;052;31;706;400;2;0
080;7;02;060;33;796;600;3;0
080;9;04;048;45;1114;400;2;0
080;9;05;046;38;917;400;2;0
080;7;06;060;49;1433;600;3;0
080;9;01;050;39;990;400;2;0
080;9;02;042;38;838;400;2;0
080;9;10;054;38;988;400;2;0
080;9;04;050;38;916;400;2;0
080;9;03;042;38;795;400;2;0
080;7;09;042;43;1344;600;3;0
080;9;05;048;34;856;400;2;0
080;9;02;044;32;785;400;2;0
080;9;04;052;42;1012;400;2;0
080;9;01;052;42;1050;400;2;0
080;9;10;056;36;897;400;2;0
080;9;02;046;49;1105;400;2;0
080;9;03;044;33;781;400;2;0
080;9;05;050;44;1155;400;2;0
080;7;09;044;51;1784;600;3;0
080;9;01;054;40;1021;400;2;0
080;9;04;054;35;899;400;2;0
080;9;10;058;46;1221;400;2;0
080;9;02;048;39;969;400;2;0
080;9;03;046;38;930;400;2;0
080;9;05;052;37;959;400;2;0
080;9;02;050;33;824;400;2;0
080;9;04;056;53;1420;400;2;0
080;9;01;056;40;1040;400;2;0
080;9;10;060;43;1261;400;2;0
080;7;09;046;428;19151;600;3;0
080;9;03;048;31;718;400;2;0
080;9;05;054;45;1001;400;2;0
080;9;08;042;33;696;400;2;0
080;9;02;052;42;970;400;2;0
080;9;03;050;41;918;400;2;0
080;9;04;058;33;936;400;2;0
080;9;01;058;37;969;400;2;0
080;7;09;048;37;1119;600;3;0
080;9;02;054;36;814;400;2;0
080;9;05;056;40;1007;400;2;0
080;9;04;060;41;922;400;2;0
080;7;09;050;40;1377;600;3;0
080;9;08;044;38;992;400;2;0
080;9;01;060;41;1061;400;2;0
080;9;03;052;41;1088;400;2;0
080;9;02;056;48;1180;400;2;0
080;9;08;046;38;853;400;2;0
080;9;03;054;41;966;400;2;0
080;9;05;058;32;880;400;2;0
080;9;07;042;43;970;400;2;0
080;7;09;052;48;1413;600;3;0
080;9;02;058;38;1008;400;2;0
080;9;03;056;41;921;400;2;0
080;9;08;048;41;910;400;2;0
080;9;05;060;39;916;400;2;0
080;9;03;058;43;1021;400;2;0
080;9;07;044;31;794;400;2;0
080;7;09;054;40;953;600;3;0
080;9;02;060;39;906;400;2;0
080;9;08;050;41;886;400;2;0
080;9;09;042;39;759;400;2;0
080;7;09;056;95;2946;600;3;0
080;9;03;060;37;811;400;2;0
080;9;07;046;40;808;400;2;0
080;9;08;052;33;744;400;2;0
080;9;09;044;38;695;400;2;0
080;7;09;058;66;2270;600;3;0
080;9;07;048;42;781;400;2;0
080;9;08;054;37;742;400;2;0
080;9;09;046;38;713;400;2;0
080;9;07;050;38;649;400;2;0
080;9;09;048;44;751;400;2;0
080;9;08;056;40;773;400;2;0
080;7;09;060;38;972;600;3;0
080;9;07;052;37;700;400;2;0
080;9;09;050;40;637;400;2;0
080;9;06;042;48;914;400;2;0
080;9;08;058;37;822;400;2;0
080;9;07;054;40;846;400;2;0
080;9;09;052;39;751;400;2;0
080;9;08;060;42;761;400;2;0
080;9;06;044;44;863;400;2;0
080;9;07;056;33;641;400;2;0
080;9;09;054;40;807;400;2;0
080;9;06;046;42;731;400;2;0
080;9;09;056;36;658;400;2;0
080;9;07;058;38;762;400;2;0
080;9;06;048;45;870;400;2;0
080;9;07;060;33;592;400;2;0
080;9;09;058;36;785;400;2;0
080;9;06;050;47;905;400;2;0
080;9;06;052;37;688;400;2;0
080;9;09;060;37;762;400;2;0
080;9;06;054;43;760;400;2;0
080;9;06;056;53;985;400;2;0
080;9;06;058;37;806;400;2;0
080;9;06;060;32;627;400;2;0
